Country,Year,Probability (%) for both genres dying at 30-70 of natural causes,Probability (%) for men dying at 30-70 of natural causes,Probability (%) for women dying at 30-70 of natural causes,Suicide rates (per 100 000 population) for both genres,Suicide rates (per 100 000 population) for men,Suicide rates (per 100 000 population) for women
Afghanistan,2019,35.3 [21.8-49.8],34.4 [21.9-47.9],36.2 [21.7-51.6],4.1 [2.3-7.0],4.6 [2.6-7.9],3.6 [2.0-5.9]
Afghanistan,2018,35.4 [21.7-50.1],34.7 [22.0-48.5],36.0 [21.4-51.6],4.1 [2.3-6.8],4.6 [2.6-7.8],3.5 [2.0-5.8]
Afghanistan,2017,35.5 [21.7-50.4],35.0 [22.0-49.1],35.9 [21.3-51.7],4.1 [2.3-6.8],4.6 [2.7-7.9],3.4 [2.0-5.7]
Afghanistan,2016,35.6 [21.6-50.7],35.1 [22.0-49.4],36.0 [21.2-51.9],4.0 [2.3-6.7],4.4 [2.6-7.4],3.6 [2.1-5.9]
Afghanistan,2015,35.6 [21.6-50.8],35.4 [22.3-49.8],35.7 [21.0-51.7],4.0 [2.3-6.6],4.3 [2.5-7.3],3.6 [2.0-5.9]
Albania,2019,11.4 [7.3-16.9],16.7 [10.7-24.5],6.0 [3.9-8.9],4.3 [2.4-6.7],5.9 [3.1-9.3],2.7 [1.7-3.9]
Albania,2018,11.8 [7.6-17.4],16.8 [10.9-24.6],6.7 [4.4-9.8],4.5 [2.5-6.9],6.2 [3.2-9.6],2.8 [1.8-4.1]
Albania,2017,12.2 [7.9-17.8],16.9 [11.0-24.5],7.5 [4.9-10.9],4.7 [2.6-7.1],6.3 [3.3-9.9],2.9 [1.9-4.3]
Albania,2016,12.6 [8.2-18.3],16.9 [11.0-24.3],8.3 [5.5-12.0],4.7 [2.6-7.1],6.3 [3.2-9.7],3.1 [2.0-4.5]
Albania,2015,13.6 [9.0-19.3],17.0 [11.2-24.3],10.0 [6.7-14.2],4.8 [2.6-7.2],6.3 [3.2-9.6],3.2 [2.1-4.6]
Algeria,2019,13.9 [8.9-20.0],14.9 [9.5-21.5],12.8 [8.3-18.4],2.5 [1.4-4.3],3.1 [1.7-5.5],1.8 [1.0-3.0]
Algeria,2018,13.9 [9.1-20.0],14.9 [9.7-21.4],12.9 [8.4-18.4],2.5 [1.3-4.3],3.1 [1.7-5.5],1.9 [1.0-3.1]
Algeria,2017,14.1 [9.3-20.1],15.2 [10.0-21.6],12.9 [8.5-18.4],2.5 [1.3-4.3],3.1 [1.7-5.4],1.9 [1.0-3.1]
Algeria,2016,14.2 [9.4-20.1],15.2 [10.0-21.6],13.1 [8.7-18.5],2.6 [1.4-4.4],3.2 [1.7-5.7],1.9 [1.0-3.1]
Algeria,2015,14.3 [9.5-20.2],15.2 [10.1-21.6],13.3 [8.9-18.8],2.7 [1.4-4.6],3.4 [1.8-6.0],2.0 [1.0-3.3]
Argentina,2019,15.7 [12.5-19.4],19.7 [16.0-23.9],12.1 [9.4-15.2],8.4 [6.7-10.3],13.7 [10.9-16.8],3.3 [2.6-4.2]
Argentina,2018,16.1 [13.0-19.6],20.3 [16.8-24.4],12.2 [9.7-15.2],9.2 [7.4-11.2],15.1 [12.2-18.3],3.6 [2.8-4.4]
Argentina,2017,16.2 [13.3-19.5],20.4 [17.1-24.2],12.4 [10.0-15.2],8.9 [7.3-10.7],14.5 [11.9-17.3],3.5 [2.8-4.3]
Argentina,2016,16.8 [14.0-19.9],21.0 [17.9-24.7],12.9 [10.5-15.5],8.3 [6.9-9.8],13.7 [11.4-16.1],3.1 [2.6-3.8]
Argentina,2015,16.5 [13.9-19.4],20.8 [17.8-24.3],12.5 [10.4-15.0],8.3 [7.0-13.0],13.6 [11.5-22.5],3.3 [2.7-3.9]
Armenia,2019,19.9 [15.5-25.0],28.0 [22.2-34.3],13.4 [10.1-17.2],3.3 [2.4-4.4],5.6 [4.1-7.4],1.3 [0.9-1.8]
Armenia,2018,20.0 [16.0-24.4],28.1 [23.0-33.6],13.4 [10.5-16.7],2.1 [1.6-2.7],3.4 [2.6-4.5],0.9 [0.6-1.2]
Armenia,2017,21.3 [17.8-25.2],30.0 [25.5-34.8],14.1 [11.4-17.1],3.0 [2.3-3.8],5.5 [4.3-7.0],0.7 [0.5-1.0]
Armenia,2016,21.7 [18.6-25.1],30.5 [26.6-34.5],14.4 [11.9-17.1],5.7 [4.5-7.2],9.2 [7.4-11.5],2.6 [1.9-3.3]
Armenia,2015,22.3 [19.1-25.6],30.6 [26.8-34.5],15.3 [12.8-18.1],6.2 [4.9-7.7],8.9 [7.2-10.9],3.7 [2.8-4.8]
Australia,2019,8.6 [6.7-10.8],10.4 [8.2-12.9],6.8 [5.3-8.6],12.5 [10.2-17.3],18.6 [15.4-26.8],6.4 [5.1-7.9]
Australia,2018,8.7 [7.0-10.8],10.6 [8.5-13.1],6.9 [5.4-8.6],12.4 [10.3-14.8],18.7 [15.7-22.1],6.2 [5.0-7.6]
Australia,2017,8.7 [7.1-10.7],10.5 [8.6-12.9],6.9 [5.5-8.5],13.1 [11.1-19.2],19.5 [16.6-30.2],6.9 [5.6-8.3]
Australia,2016,9.0 [7.4-10.8],10.9 [9.0-13.1],7.1 [5.8-8.5],12.2 [10.5-14.0],18.0 [15.7-20.6],6.4 [5.3-7.5]
Australia,2015,9.3 [7.7-11.0],11.3 [9.5-13.4],7.3 [6.0-8.7],13.2 [11.5-15.0],19.7 [17.4-22.2],6.8 [5.7-7.9]
Austria,2019,10.4 [8.3-12.9],12.9 [10.5-15.9],7.9 [6.1-10.0],14.6 [11.9-17.7],22.8 [18.8-27.4],6.7 [5.3-8.3]
Austria,2018,10.9 [8.8-13.4],13.8 [11.4-16.8],8.1 [6.4-10.1],15.7 [13.1-18.7],24.9 [20.9-29.4],6.9 [5.5-8.4]
Austria,2017,10.8 [8.9-13.1],13.7 [11.5-16.5],8.0 [6.4-9.9],15.4 [12.9-18.0],24.5 [20.8-28.4],6.6 [5.3-8.0]
Austria,2016,11.2 [9.3-13.5],14.2 [12.0-16.9],8.4 [6.8-10.1],15.5 [13.3-18.0],23.6 [20.4-27.1],7.7 [6.4-9.2]
Austria,2015,11.6 [9.7-13.8],14.7 [12.5-17.3],8.6 [7.0-10.3],16.0 [13.8-18.4],24.8 [21.6-28.2],7.6 [6.3-9.0]
Azerbaijan,2019,27.2 [19.4-36.6],34.4 [24.9-45.3],20.4 [14.3-28.0],4.1 [2.4-6.5],6.6 [3.9-10.5],1.6 [0.9-2.5]
Azerbaijan,2018,27.4 [19.9-36.4],34.7 [25.7-45.2],20.6 [14.6-27.8],4.0 [2.4-6.3],6.5 [3.8-10.2],1.6 [0.9-2.5]
Azerbaijan,2017,28.2 [20.8-36.8],35.8 [26.9-45.9],20.9 [15.1-27.9],4.0 [2.4-6.2],6.4 [3.8-9.9],1.6 [1.0-2.5]
Azerbaijan,2016,28.2 [21.2-36.4],35.9 [27.5-45.3],21.0 [15.4-27.7],4.0 [2.4-6.1],6.4 [3.8-9.8],1.6 [1.0-2.5]
Azerbaijan,2015,28.4 [21.5-36.4],36.1 [27.9-45.2],21.1 [15.5-27.6],4.1 [2.4-6.2],6.6 [3.9-9.9],1.6 [1.0-2.5]
Bahrain,2019,16.1 [11.1-22.2],16.4 [11.2-22.8],15.4 [10.7-21.1],8.9 [5.5-12.7],12.5 [7.6-17.8],2.4 [1.6-3.4]
Bahrain,2018,16.1 [11.2-22.1],16.3 [11.3-22.6],15.6 [10.9-21.2],8.6 [5.3-12.2],12.1 [7.4-17.2],2.4 [1.6-3.4]
Bahrain,2017,16.2 [11.3-22.1],16.2 [11.3-22.5],15.9 [11.2-21.5],8.1 [5.0-11.4],11.4 [7.0-16.1],2.4 [1.6-3.4]
Bahrain,2016,16.3 [11.5-22.2],16.2 [11.4-22.2],16.4 [11.6-21.9],7.7 [4.7-10.7],10.9 [6.6-15.1],2.4 [1.6-3.4]
Bahrain,2015,16.4 [11.7-22.1],16.2 [11.5-21.9],16.8 [12.0-22.3],7.4 [4.6-10.2],10.4 [6.4-14.4],2.5 [1.7-3.5]
Bangladesh,2019,18.9 [11.7-28.3],21.2 [12.9-31.9],16.2 [10.4-24.1],3.7 [2.3-5.7],5.7 [3.5-8.8],1.7 [1.0-2.6]
Bangladesh,2018,18.9 [11.8-28.1],21.2 [13.0-31.6],16.3 [10.4-24.1],3.6 [2.2-5.5],5.5 [3.5-8.4],1.6 [1.0-2.5]
Bangladesh,2017,18.8 [11.8-27.9],21.1 [13.0-31.4],16.2 [10.5-23.9],3.5 [2.2-5.3],5.3 [3.4-8.1],1.6 [1.0-2.5]
Bangladesh,2016,18.5 [11.7-27.4],20.6 [12.8-30.6],16.1 [10.5-23.6],3.4 [2.2-5.2],5.1 [3.3-7.7],1.7 [1.0-2.6]
Bangladesh,2015,18.6 [11.8-27.3],20.7 [13.0-30.5],16.1 [10.5-23.6],3.4 [2.2-5.1],5.0 [3.3-7.5],1.8 [1.1-2.7]
Belarus,2019,23.8 [17.2-31.9],35.7 [26.7-46.1],13.6 [9.5-19.0],21.2 [14.7-30.5],36.7 [25.5-52.8],7.7 [5.2-11.0]
Belarus,2018,24.3 [18.2-31.7],36.4 [27.9-45.8],14.0 [10.1-19.1],22.8 [16.3-31.6],39.7 [28.6-54.8],8.1 [5.7-11.3]
Belarus,2017,24.2 [18.9-30.5],36.1 [28.9-44.0],14.0 [10.6-18.4],23.3 [17.5-30.8],40.6 [30.6-53.7],8.2 [6.0-10.9]
Belarus,2016,24.6 [20.2-29.9],36.5 [30.7-43.1],14.4 [11.4-18.1],24.2 [18.9-30.8],42.3 [33.2-53.7],8.4 [6.5-10.8]
Belarus,2015,24.7 [20.6-29.4],36.6 [31.3-42.5],14.4 [11.6-17.9],24.3 [19.5-30.2],42.7 [34.5-52.7],8.3 [6.5-10.6]
Belgium,2019,10.6 [8.4-13.1],13.0 [10.5-16.0],8.2 [6.3-10.3],18.3 [14.9-22.1],24.9 [20.5-29.7],11.8 [9.4-14.6]
Belgium,2018,10.8 [8.7-13.2],13.3 [10.9-16.2],8.3 [6.5-10.3],18.7 [15.4-22.3],25.6 [21.4-30.2],11.9 [9.6-14.5]
Belgium,2017,11.0 [9.0-13.4],13.6 [11.3-16.4],8.5 [6.7-10.4],18.9 [15.9-22.2],26.1 [22.2-30.3],11.9 [9.8-14.4]
Belgium,2016,11.1 [9.2-13.3],13.8 [11.6-16.5],8.4 [6.8-10.2],19.3 [16.5-22.3],27.1 [23.4-31.1],11.7 [9.7-13.8]
Belgium,2015,11.5 [9.6-13.6],14.2 [12.1-16.8],8.8 [7.2-10.5],18.6 [16.1-21.3],25.8 [22.5-29.3],11.7 [9.8-13.7]
Benin,2019,22.6 [14.0-33.4],24.5 [15.2-36.1],21.0 [13.0-30.9],7.8 [4.5-12.8],11.8 [7.0-19.1],3.8 [2.1-6.4]
Benin,2018,22.9 [14.2-33.8],24.9 [15.4-36.8],21.1 [13.1-31.2],7.9 [4.6-12.9],12.0 [7.1-19.3],3.9 [2.1-6.5]
Benin,2017,23.2 [14.4-34.1],25.2 [15.7-37.2],21.4 [13.3-31.4],8.0 [4.6-12.9],12.0 [7.1-19.3],3.9 [2.2-6.6]
Benin,2016,23.3 [14.5-34.4],25.6 [15.8-37.6],21.4 [13.3-31.5],8.0 [4.7-13.0],12.1 [7.2-19.4],4.0 [2.2-6.6]
Benin,2015,23.5 [14.6-34.5],25.9 [16.0-38.0],21.5 [13.4-31.5],8.1 [4.7-13.0],12.2 [7.3-19.5],4.0 [2.2-6.6]
Bhutan,2019,18.5 [10.7-29.0],19.6 [11.2-31.3],17.2 [10.1-26.4],4.6 [2.4-7.9],6.3 [3.3-10.9],2.7 [1.5-4.4]
Bhutan,2018,18.6 [10.8-29.2],19.6 [11.3-31.4],17.4 [10.3-26.6],4.6 [2.4-7.9],6.3 [3.3-11.0],2.7 [1.5-4.4]
Bhutan,2017,18.7 [11.0-29.4],19.8 [11.4-31.5],17.5 [10.5-26.8],4.6 [2.4-7.9],6.3 [3.3-11.0],2.7 [1.5-4.4]
Bhutan,2016,18.5 [10.8-28.9],19.4 [11.2-30.9],17.4 [10.4-26.5],4.5 [2.4-7.7],6.2 [3.3-10.8],2.6 [1.4-4.2]
Bhutan,2015,18.9 [11.1-29.5],19.8 [11.5-31.5],17.7 [10.6-27.0],4.5 [2.4-7.8],6.2 [3.3-10.9],2.6 [1.4-4.2]
Bolivia,2019,17.9 [10.4-27.5],17.5 [10.0-26.9],18.3 [10.8-28.0],6.2 [3.3-10.2],8.4 [4.4-13.3],4.1 [2.1-7.0]
Bolivia,2018,18.0 [10.5-27.5],17.5 [10.1-26.9],18.5 [10.9-28.2],6.3 [3.3-10.3],8.4 [4.5-13.4],4.2 [2.2-7.3]
Bolivia,2017,18.0 [10.5-27.6],17.5 [10.1-26.9],18.6 [11.0-28.3],6.4 [3.4-10.6],8.5 [4.6-13.6],4.3 [2.2-7.5]
Bolivia,2016,18.2 [10.7-27.8],17.7 [10.2-27.1],18.8 [11.2-28.5],6.6 [3.5-10.9],8.8 [4.7-14.0],4.5 [2.3-7.7]
Bolivia,2015,18.2 [10.6-27.7],17.5 [10.1-26.8],18.9 [11.2-28.5],6.4 [3.4-10.4],8.3 [4.5-13.2],4.4 [2.3-7.5]
Bosnia and Herzegovina,2019,18.7 [13.1-25.6],24.0 [16.9-32.4],13.6 [9.4-18.9],10.9 [6.8-15.8],17.6 [10.8-25.4],4.5 [3.0-6.6]
Bosnia and Herzegovina,2018,18.8 [13.6-25.1],24.0 [17.6-31.7],13.7 [9.8-18.5],10.8 [6.8-15.2],17.3 [10.7-24.4],4.5 [3.0-6.4]
Bosnia and Herzegovina,2017,18.7 [14.1-24.1],23.9 [18.4-30.5],13.6 [10.1-17.8],10.5 [6.8-14.3],16.8 [10.7-22.8],4.5 [3.1-6.2]
Bosnia and Herzegovina,2016,18.8 [14.8-23.5],24.2 [19.3-29.8],13.7 [10.6-17.4],10.5 [6.9-13.8],16.8 [10.7-22.0],4.5 [3.2-6.0]
Bosnia and Herzegovina,2015,19.2 [15.2-23.9],24.6 [19.8-30.2],14.1 [11.0-17.8],10.7 [7.0-14.0],17.0 [10.8-22.2],4.6 [3.4-6.2]
Botswana,2019,27.0 [16.1-40.2],32.7 [20.6-46.3],22.7 [12.7-35.3],16.1 [8.5-27.6],26.3 [14.2-45.0],6.4 [3.2-11.3]
Botswana,2018,28.2 [16.8-41.8],33.7 [21.3-47.7],23.9 [13.4-37.1],17.4 [9.3-30.0],28.3 [15.3-48.4],7.3 [3.6-12.8]
Botswana,2017,28.5 [17.1-42.2],33.8 [21.5-47.8],24.3 [13.6-37.6],17.4 [9.3-29.8],28.1 [15.2-47.6],7.5 [3.7-13.3]
Botswana,2016,28.9 [17.3-42.6],34.2 [21.7-48.1],24.7 [13.8-38.1],17.8 [9.5-30.2],28.5 [15.6-47.9],7.8 [3.9-13.8]
Botswana,2015,29.7 [17.8-43.6],35.1 [22.3-49.3],25.2 [14.2-38.8],19.0 [10.2-32.3],30.6 [16.7-51.2],8.3 [4.2-14.8]
Brazil,2019,15.5 [13.9-17.4],18.6 [16.8-20.9],12.7 [11.3-14.3],6.9 [6.2-11.7],10.9 [9.9-17.3],3.0 [2.7-6.2]
Brazil,2018,15.7 [14.2-17.5],18.9 [17.1-21.0],12.8 [11.5-14.4],7.0 [6.4-11.2],10.9 [10.0-16.6],3.1 [2.8-6.0]
Brazil,2017,15.8 [14.4-17.6],19.0 [17.4-21.0],13.0 [11.8-14.5],6.6 [6.1-11.9],10.3 [9.5-17.2],3.0 [2.7-6.8]
Brazil,2016,16.3 [14.9-18.0],19.7 [18.1-21.6],13.3 [12.1-14.8],6.0 [5.6-10.0],9.4 [8.8-14.6],2.7 [2.5-5.4]
Brazil,2015,16.2 [14.9-17.9],19.5 [17.9-21.3],13.3 [12.1-14.7],5.9 [5.5-8.7],9.1 [8.5-14.6],2.8 [2.5-3.0]
Bulgaria,2019,24.2 [17.4-31.6],32.1 [23.6-41.2],16.4 [11.6-22.0],9.7 [6.9-13.3],15.3 [10.9-20.7],4.4 [3.1-6.2]
Bulgaria,2018,24.4 [18.0-31.3],32.5 [24.4-40.9],16.4 [11.8-21.6],9.7 [7.0-12.9],15.4 [11.2-20.4],4.3 [3.0-5.9]
Bulgaria,2017,24.5 [18.9-30.3],32.8 [25.8-39.8],16.4 [12.4-20.8],10.3 [7.8-13.2],16.1 [12.4-20.6],4.8 [3.6-6.3]
Bulgaria,2016,24.4 [19.8-29.0],32.8 [27.1-38.3],16.3 [12.8-19.8],9.7 [7.7-11.9],15.1 [12.2-18.5],4.5 [3.5-5.7]
Bulgaria,2015,24.3 [19.9-28.6],32.8 [27.3-37.9],16.1 [12.8-19.4],9.8 [8.0-11.9],15.5 [12.8-18.6],4.5 [3.5-5.6]
Burkina Faso,2019,23.9 [15.2-34.4],26.4 [17.0-37.6],22.1 [13.9-32.0],7.5 [4.4-11.8],11.3 [6.6-17.7],3.7 [2.1-6.0]
Burkina Faso,2018,24.2 [15.4-34.8],26.8 [17.3-38.1],22.3 [14.1-32.2],7.6 [4.5-12.1],11.6 [6.8-18.1],3.7 [2.2-6.0]
Burkina Faso,2017,24.4 [15.5-35.0],27.1 [17.5-38.4],22.4 [14.1-32.4],7.7 [4.5-12.2],11.6 [6.8-18.3],3.8 [2.2-6.1]
Burkina Faso,2016,24.7 [15.6-35.4],27.5 [17.7-38.9],22.6 [14.1-32.8],7.8 [4.6-12.4],11.8 [6.9-18.5],3.9 [2.3-6.3]
Burkina Faso,2015,24.8 [15.6-35.7],27.8 [17.8-39.3],22.7 [14.1-33.0],8.0 [4.7-12.6],11.9 [7.0-18.8],4.0 [2.3-6.5]
Burundi,2019,25.0 [14.7-38.3],26.9 [16.0-41.2],23.2 [13.5-35.7],6.2 [3.6-10.3],9.2 [5.4-15.1],3.4 [1.9-5.5]
Burundi,2018,25.1 [14.8-38.5],27.1 [16.2-41.3],23.4 [13.6-35.9],6.3 [3.7-10.4],9.3 [5.4-15.3],3.4 [1.9-5.5]
Burundi,2017,25.2 [14.9-38.6],27.2 [16.3-41.4],23.5 [13.6-36.0],6.4 [3.7-10.4],9.3 [5.5-15.2],3.5 [2.0-5.7]
Burundi,2016,25.5 [15.1-38.9],27.4 [16.5-41.6],23.8 [13.8-36.5],6.4 [3.8-10.5],9.2 [5.5-15.0],3.6 [2.1-6.0]
Burundi,2015,25.8 [15.3-39.3],27.6 [16.7-41.7],24.3 [14.1-37.1],6.4 [3.8-10.5],9.2 [5.4-15.0],3.8 [2.2-6.2]
Cambodia,2019,22.5 [14.4-32.5],27.5 [18.0-38.6],18.8 [11.8-27.7],4.9 [2.9-7.5],7.0 [4.2-10.7],2.8 [1.6-4.4]
Cambodia,2018,22.6 [14.4-32.4],27.5 [18.0-38.6],18.9 [11.8-27.8],4.9 [2.9-7.6],7.2 [4.3-10.8],2.8 [1.6-4.4]
Cambodia,2017,22.6 [14.5-32.4],27.5 [18.1-38.6],18.9 [11.9-27.7],5.0 [3.0-7.6],7.2 [4.4-10.9],2.8 [1.6-4.5]
Cambodia,2016,22.7 [14.6-32.6],27.7 [18.2-38.7],19.1 [12.1-27.9],5.1 [3.0-7.8],7.4 [4.5-11.1],2.9 [1.7-4.6]
Cambodia,2015,22.8 [14.8-32.6],27.7 [18.4-38.7],19.2 [12.2-28.0],5.1 [3.1-7.7],7.3 [4.5-11.0],2.9 [1.7-4.6]
Cameroon,2019,23.9 [14.2-36.1],25.7 [15.5-38.5],22.3 [13.1-33.9],9.0 [5.2-14.7],13.6 [8.0-21.8],4.4 [2.4-7.6]
Cameroon,2018,24.1 [14.4-36.2],26.0 [15.7-38.8],22.4 [13.2-33.9],8.9 [5.1-14.4],13.5 [7.9-21.5],4.3 [2.3-7.4]
Cameroon,2017,24.4 [14.6-36.7],26.4 [16.0-39.4],22.6 [13.3-34.2],9.0 [5.1-14.5],13.7 [8.0-21.6],4.3 [2.3-7.4]
Cameroon,2016,25.0 [15.0-37.4],27.0 [16.5-40.1],23.2 [13.6-35.0],9.2 [5.3-14.8],13.9 [8.2-21.9],4.5 [2.4-7.8]
Cameroon,2015,25.5 [15.3-38.2],27.6 [16.9-40.9],23.7 [13.9-35.7],9.5 [5.4-15.2],14.1 [8.3-22.2],4.8 [2.6-8.2]
Canada,2019,9.6 [7.6-12.0],11.2 [9.0-13.9],8.0 [6.2-10.1],11.8 [9.5-15.8],17.6 [14.3-21.3],6.1 [4.8-10.3]
Canada,2018,9.8 [7.8-12.1],11.5 [9.3-14.1],8.1 [6.4-10.1],12.0 [9.8-15.9],17.9 [14.7-21.3],6.2 [4.9-10.5]
Canada,2017,10.1 [8.2-12.3],11.9 [9.8-14.4],8.3 [6.6-10.2],13.0 [10.8-15.4],19.8 [16.5-23.3],6.4 [5.2-7.8]
Canada,2016,10.4 [8.6-12.5],12.2 [10.1-14.6],8.6 [7.0-10.4],11.9 [10.0-16.8],17.6 [15.0-20.4],6.2 [5.1-13.3]
Canada,2015,10.3 [8.6-12.2],12.0 [10.1-14.3],8.6 [7.1-10.2],13.0 [11.2-14.9],19.2 [16.7-22.0],6.9 [5.7-8.0]
Chad,2019,22.7 [13.8-33.8],22.9 [13.9-34.2],22.6 [13.8-33.5],6.4 [3.6-10.6],9.6 [5.4-15.3],3.3 [1.8-5.9]
Chad,2018,23.2 [14.1-34.4],23.4 [14.2-34.8],23.0 [14.0-33.9],6.6 [3.7-10.8],9.8 [5.6-15.6],3.4 [1.8-6.1]
Chad,2017,23.4 [14.2-34.7],23.6 [14.3-35.1],23.2 [14.1-34.3],6.7 [3.8-11.1],9.9 [5.7-15.8],3.6 [1.9-6.3]
Chad,2016,23.4 [14.2-34.7],23.8 [14.5-35.3],23.1 [14.0-34.2],6.7 [3.8-10.9],9.8 [5.7-15.6],3.5 [1.9-6.2]
Chad,2015,23.6 [14.4-35.0],24.1 [14.8-35.8],23.2 [14.1-34.3],6.8 [3.9-11.1],10.0 [5.8-16.0],3.5 [1.9-6.2]
Chile,2019,10.0 [7.8-12.6],12.0 [9.5-14.9],8.3 [6.3-10.5],9.0 [7.3-10.9],14.9 [12.2-18.1],3.2 [2.5-4.0]
Chile,2018,10.3 [8.2-12.8],12.4 [9.9-15.2],8.5 [6.6-10.7],8.8 [7.2-10.6],14.6 [12.1-17.4],3.2 [2.5-3.9]
Chile,2017,10.6 [8.5-13.0],12.7 [10.4-15.4],8.7 [6.9-10.9],9.3 [7.8-10.9],15.5 [13.1-18.3],3.2 [2.5-3.9]
Chile,2016,11.1 [9.1-13.5],13.4 [11.1-16.0],9.1 [7.3-11.1],10.0 [8.5-11.6],16.8 [14.4-19.3],3.4 [2.8-4.1]
Chile,2015,11.6 [9.6-13.9],14.1 [11.8-16.6],9.4 [7.7-11.5],10.0 [8.6-15.8],16.0 [14.0-27.0],4.1 [3.4-4.9]
China,2019,15.9 [12.3-19.8],20.2 [15.8-25.1],11.2 [8.7-14.1],8.1 [6.1-10.6],9.8 [7.3-13.2],6.2 [4.9-7.8]
China,2018,16.0 [12.6-19.7],20.4 [16.2-24.9],11.3 [8.9-14.0],8.1 [6.3-10.4],9.9 [7.6-13.1],6.3 [5.1-7.7]
China,2017,16.3 [13.0-19.6],20.8 [16.8-24.9],11.4 [9.2-13.8],8.1 [6.4-10.4],9.9 [7.7-13.1],6.3 [5.1-7.5]
China,2016,16.6 [13.5-19.7],21.4 [17.5-25.3],11.5 [9.4-13.8],8.2 [6.6-10.5],9.9 [7.8-13.3],6.3 [5.3-7.5]
China,2015,16.8 [13.9-19.8],21.7 [18.0-25.4],11.7 [9.7-13.8],8.1 [6.6-10.2],9.8 [7.8-12.9],6.4 [5.4-7.4]
Colombia,2019,9.7 [6.7-13.6],10.8 [7.4-15.2],8.9 [6.2-12.4],3.9 [2.7-8.4],6.1 [4.2-14.5],1.8 [1.2-2.5]
Colombia,2018,9.8 [7.0-13.4],10.8 [7.7-14.8],9.0 [6.5-12.2],4.0 [2.8-8.4],6.4 [4.5-14.6],1.7 [1.2-2.4]
Colombia,2017,10.2 [7.8-13.1],11.2 [8.6-14.4],9.3 [7.1-12.1],4.7 [3.5-10.0],7.6 [5.7-17.9],1.9 [1.4-2.5]
Colombia,2016,10.3 [8.5-12.6],11.3 [9.4-13.6],9.5 [7.7-11.7],4.2 [3.4-7.4],6.9 [5.6-13.1],1.6 [1.3-2.0]
Colombia,2015,10.3 [8.6-12.5],11.2 [9.4-13.4],9.6 [7.9-11.7],4.1 [3.4-7.2],6.5 [5.4-12.3],1.9 [1.5-2.3]
Costa Rica,2019,9.5 [6.4-13.5],11.0 [7.5-15.5],8.1 [5.5-11.5],8.1 [5.6-11.1],14.1 [9.9-19.4],2.0 [1.3-2.9]
Costa Rica,2018,9.6 [6.7-13.2],11.3 [7.9-15.3],8.0 [5.6-11.1],7.2 [5.2-13.7],12.2 [8.8-24.3],2.2 [1.5-3.1]
Costa Rica,2017,10.2 [7.6-13.3],11.9 [8.9-15.4],8.5 [6.3-11.3],6.1 [4.6-16.7],9.9 [7.6-30.2],2.3 [1.7-3.1]
Costa Rica,2016,10.0 [7.9-12.4],11.7 [9.3-14.3],8.3 [6.4-10.6],7.7 [6.2-9.3],13.0 [10.6-15.7],2.3 [1.8-3.0]
Costa Rica,2015,9.8 [7.8-12.0],11.8 [9.6-14.3],7.7 [6.1-9.8],6.7 [5.5-8.1],11.2 [9.3-13.3],2.3 [1.7-2.9]
Ivory Coast,2019,21.7 [13.2-32.0],23.6 [14.4-34.6],19.5 [11.8-29.0],8.9 [5.1-14.5],14.9 [8.7-23.9],2.8 [1.5-4.8]
Ivory Coast,2018,22.0 [13.5-32.3],24.0 [14.8-34.9],19.7 [12.0-29.1],9.0 [5.2-14.4],15.0 [8.8-23.9],2.8 [1.5-4.7]
Ivory Coast,2017,22.3 [13.7-32.7],24.4 [15.0-35.5],19.9 [12.2-29.4],9.2 [5.4-14.7],15.4 [9.1-24.3],2.9 [1.6-4.8]
Ivory Coast,2016,22.9 [14.2-33.5],25.0 [15.5-36.3],20.4 [12.5-30.1],9.6 [5.6-15.2],15.9 [9.4-25.0],3.1 [1.7-5.1]
Ivory Coast,2015,23.6 [14.7-34.3],25.8 [16.2-37.2],20.9 [12.9-30.7],10.0 [5.9-15.7],16.6 [9.9-25.7],3.3 [1.8-5.4]
Croatia,2019,16.1 [11.5-21.6],21.8 [15.8-28.8],10.5 [7.4-14.5],16.4 [11.7-22.4],25.3 [18.1-34.3],8.1 [5.7-11.3]
Croatia,2018,16.3 [12.1-21.4],22.2 [16.6-28.6],10.6 [7.8-14.2],16.4 [12.1-21.7],25.3 [18.8-33.2],8.1 [5.9-11.1]
Croatia,2017,16.8 [13.3-21.0],22.8 [18.3-28.0],11.1 [8.5-14.1],15.7 [12.2-19.8],24.4 [19.3-30.5],7.6 [5.7-9.9]
Croatia,2016,17.0 [14.2-20.1],23.2 [19.8-27.0],11.0 [8.9-13.4],16.4 [13.6-19.7],25.7 [21.5-30.5],7.8 [6.2-9.7]
Croatia,2015,17.6 [15.0-20.6],24.1 [20.8-27.7],11.4 [9.4-13.7],17.6 [14.8-20.8],26.7 [22.7-31.2],9.2 [7.4-11.2]
Cyprus,2019,8.2 [5.9-11.0],10.7 [7.9-14.0],5.7 [4.0-7.9],3.6 [2.3-5.1],6.0 [3.7-8.4],1.3 [0.9-1.7]
Cyprus,2018,8.3 [6.1-11.0],10.6 [8.0-13.9],6.0 [4.2-8.1],4.2 [2.7-5.7],6.6 [4.1-9.0],1.8 [1.3-2.4]
Cyprus,2017,8.8 [6.5-11.5],11.5 [8.8-14.8],6.1 [4.4-8.2],3.7 [2.3-5.1],6.4 [3.9-8.8],1.0 [0.7-1.3]
Cyprus,2016,9.2 [7.0-11.9],12.2 [9.5-15.5],6.2 [4.5-8.3],4.6 [2.9-6.3],8.0 [4.9-10.9],1.2 [0.9-1.7]
Cyprus,2015,9.7 [7.4-12.4],12.9 [10.0-16.2],6.6 [4.8-8.7],4.7 [3.0-6.3],7.3 [4.5-9.7],2.1 [1.5-2.8]
Czech Republic,2019,14.3 [10.5-18.6],18.8 [14.1-24.2],9.8 [7.1-13.0],12.2 [9.2-15.9],19.8 [15.0-25.6],4.8 [3.5-6.5]
Czech Republic,2018,14.8 [11.6-18.3],19.5 [15.5-23.9],10.2 [7.8-12.8],13.6 [10.8-16.8],22.3 [17.9-27.3],5.1 [3.9-6.6]
Czech Republic,2017,14.9 [12.4-17.5],19.8 [16.8-22.9],10.2 [8.3-12.3],13.9 [11.8-16.3],22.4 [19.2-25.9],5.7 [4.6-7.0]
Czech Republic,2016,15.0 [12.7-17.5],20.0 [17.1-22.9],10.3 [8.4-12.2],13.0 [11.2-15.0],21.2 [18.4-24.2],5.0 [4.2-6.1]
Czech Republic,2015,15.6 [13.3-17.9],20.7 [18.0-23.6],10.6 [8.8-12.5],13.6 [11.8-15.5],22.5 [19.7-25.4],5.0 [4.1-6.0]
South Korea,2019,23.9 [15.7-33.6],29.8 [20.1-40.7],18.6 [11.9-26.9],9.4 [5.3-15.9],11.2 [6.3-19.5],7.6 [4.3-12.5]
South Korea,2018,23.9 [15.7-33.5],29.7 [20.1-40.6],18.6 [11.9-26.9],9.3 [5.2-15.7],11.0 [6.2-19.2],7.6 [4.2-12.3]
South Korea,2017,24.9 [16.3-34.8],31.0 [20.9-42.2],19.3 [12.3-27.8],9.8 [5.5-16.4],11.6 [6.5-20.0],8.0 [4.5-13.0]
South Korea,2016,25.8 [16.9-36.1],32.2 [21.7-43.7],20.1 [12.8-28.9],10.4 [5.8-17.4],12.3 [6.9-21.2],8.5 [4.8-13.8]
South Korea,2015,26.1 [17.2-36.5],32.6 [22.0-44.1],20.3 [13.0-29.3],10.5 [5.9-17.6],12.5 [7.0-21.4],8.6 [4.9-14.0]
Denmark,2019,10.8 [8.3-13.5],12.6 [9.8-15.7],9.0 [6.7-11.4],10.7 [8.3-13.5],14.9 [11.8-18.7],6.5 [4.9-8.4]
Denmark,2018,11.3 [8.8-14.1],13.1 [10.4-16.2],9.5 [7.2-11.9],11.4 [9.0-14.2],15.8 [12.7-19.5],7.0 [5.4-9.0]
Denmark,2017,11.2 [8.8-13.7],13.1 [10.5-16.0],9.2 [7.1-11.4],11.3 [9.1-14.0],15.6 [12.7-19.0],7.1 [5.5-9.1]
Denmark,2016,11.9 [9.5-14.3],13.8 [11.2-16.6],9.9 [7.8-12.1],10.9 [8.8-13.2],15.7 [13.0-18.8],6.1 [4.8-7.7]
Denmark,2015,11.9 [9.7-14.2],13.8 [11.4-16.4],10.1 [8.1-12.0],10.9 [9.0-13.1],14.7 [12.3-17.4],7.2 [5.7-9.0]
Dominican Republic,2019,19.1 [12.1-28.0],22.1 [14.1-32.1],16.2 [10.2-23.9],4.9 [2.8-8.1],8.0 [4.6-13.3],1.8 [1.1-3.0]
Dominican Republic,2018,20.0 [12.9-28.8],23.5 [15.3-33.4],16.6 [10.7-24.1],5.2 [3.1-8.5],8.5 [5.0-13.9],2.0 [1.1-3.2]
Dominican Republic,2017,21.0 [14.0-29.4],24.9 [16.8-34.5],17.1 [11.3-24.2],5.7 [3.4-9.0],9.2 [5.5-14.7],2.1 [1.3-3.4]
Dominican Republic,2016,21.7 [15.2-29.5],26.0 [18.4-34.7],17.5 [12.0-24.0],6.4 [4.0-9.9],10.4 [6.5-16.1],2.3 [1.4-3.6]
Dominican Republic,2015,21.5 [15.4-28.6],25.6 [18.6-33.7],17.4 [12.3-23.5],6.4 [4.1-9.7],10.4 [6.6-15.8],2.4 [1.5-3.6]
Ecuador,2019,11.0 [7.5-15.6],11.8 [8.0-16.7],10.3 [7.0-14.5],7.6 [4.2-10.8],11.6 [5.9-16.6],3.6 [2.5-5.1]
Ecuador,2018,11.3 [8.0-15.3],12.1 [8.5-16.4],10.5 [7.5-14.3],8.1 [4.5-11.0],12.2 [6.2-16.9],3.9 [2.8-5.2]
Ecuador,2017,11.4 [8.5-14.8],12.4 [9.2-16.0],10.5 [7.8-13.7],9.2 [5.3-12.1],14.1 [7.2-18.6],4.3 [3.3-5.5]
Ecuador,2016,11.9 [9.1-15.1],12.6 [9.6-15.9],11.3 [8.6-14.4],9.0 [5.2-11.5],13.6 [7.1-17.6],4.3 [3.4-5.4]
Ecuador,2015,11.7 [9.0-14.8],12.6 [9.6-15.9],10.9 [8.3-13.9],8.8 [5.2-11.2],13.3 [7.0-17.0],4.3 [3.4-5.4]
Egypt,2019,28.0 [17.8-40.4],32.7 [21.0-46.8],23.2 [14.5-33.5],3.0 [1.4-5.8],4.0 [1.8-8.0],2.0 [1.0-3.5]
Egypt,2018,28.3 [18.1-40.5],33.1 [21.5-46.9],23.4 [14.8-33.5],3.0 [1.4-5.7],3.9 [1.7-7.9],2.0 [1.0-3.5]
Egypt,2017,28.1 [18.4-39.5],33.0 [21.9-46.0],23.1 [14.9-32.6],3.0 [1.4-5.7],4.0 [1.8-7.9],2.0 [1.0-3.4]
Egypt,2016,29.4 [20.0-40.4],34.4 [23.6-46.9],24.4 [16.4-33.6],3.2 [1.5-6.0],4.3 [2.0-8.5],2.1 [1.1-3.5]
Egypt,2015,30.4 [21.3-40.8],35.2 [25.1-47.1],25.4 [17.6-34.1],3.3 [1.6-6.1],4.4 [2.0-8.6],2.2 [1.1-3.6]
El Salvador,2019,10.7 [6.9-15.5],12.2 [7.8-17.8],9.6 [6.2-13.8],6.1 [3.7-13.3],10.5 [6.3-24.8],2.1 [1.4-3.2]
El Salvador,2018,10.7 [7.0-15.3],12.1 [7.9-17.6],9.6 [6.3-13.7],6.0 [3.7-13.2],10.4 [6.3-24.5],2.2 [1.4-3.2]
El Salvador,2017,10.7 [7.1-15.1],12.2 [8.1-17.3],9.6 [6.5-13.5],6.1 [3.9-13.4],10.5 [6.7-25.0],2.3 [1.5-3.2]
El Salvador,2016,10.4 [7.2-14.3],11.8 [8.2-16.4],9.3 [6.5-12.8],5.7 [3.8-12.5],9.6 [6.2-23.1],2.3 [1.6-3.2]
El Salvador,2015,10.8 [7.9-14.3],13.2 [9.7-17.6],8.9 [6.5-11.7],6.9 [4.8-9.7],12.3 [8.5-17.4],2.2 [1.6-2.9]
Estonia,2019,14.9 [9.8-20.6],22.1 [14.9-29.9],8.8 [5.7-12.5],14.9 [10.3-20.6],24.3 [16.9-33.6],6.5 [4.4-9.0]
Estonia,2018,16.6 [11.4-22.3],24.4 [17.1-32.0],9.9 [6.6-13.6],15.3 [11.0-20.7],24.6 [17.8-33.1],7.1 [4.9-9.7]
Estonia,2017,16.9 [12.0-21.8],24.5 [17.9-31.0],10.4 [7.2-13.9],18.7 [14.0-24.3],30.7 [23.3-39.5],8.1 [5.8-10.9]
Estonia,2016,17.2 [12.9-21.7],25.2 [19.4-30.9],10.6 [7.6-13.8],15.7 [12.4-19.6],26.5 [21.2-32.6],6.2 [4.6-8.1]
Estonia,2015,17.1 [12.8-21.3],25.0 [19.3-30.5],10.5 [7.6-13.6],15.9 [12.7-19.6],27.9 [22.5-33.9],5.4 [4.1-7.0]
Ethiopia,2019,17.1 [11.3-24.7],17.4 [11.3-25.4],16.9 [11.3-24.1],5.4 [3.7-7.7],7.7 [5.3-11.2],3.1 [2.1-4.2]
Ethiopia,2018,17.1 [11.4-24.7],17.4 [11.4-25.5],16.9 [11.4-24.0],5.4 [3.7-7.7],7.7 [5.3-11.1],3.1 [2.2-4.2]
Ethiopia,2017,17.2 [11.4-24.7],17.5 [11.4-25.5],17.0 [11.5-24.1],5.4 [3.8-7.6],7.7 [5.3-11.0],3.1 [2.2-4.2]
Ethiopia,2016,17.4 [11.6-25.0],17.8 [11.7-25.9],17.1 [11.6-24.3],5.5 [3.8-7.7],7.8 [5.5-11.1],3.1 [2.2-4.3]
Ethiopia,2015,17.7 [11.9-25.2],18.1 [12.1-26.1],17.3 [11.8-24.5],5.5 [3.9-7.7],7.9 [5.5-11.0],3.2 [2.3-4.3]
Finland,2019,9.6 [7.5-12.0],12.4 [9.9-15.2],6.8 [5.2-8.7],15.3 [12.3-18.6],23.2 [18.8-28.0],7.6 [6.0-9.5]
Finland,2018,10.0 [7.9-12.3],13.0 [10.5-15.8],7.0 [5.4-8.8],16.2 [13.2-19.5],24.6 [20.3-29.4],8.0 [6.4-9.8]
Finland,2017,10.3 [8.2-12.5],13.3 [10.9-16.0],7.2 [5.7-9.0],15.9 [13.2-19.0],23.4 [19.6-27.7],8.7 [7.0-10.6]
Finland,2016,10.4 [8.4-12.5],13.7 [11.3-16.3],7.1 [5.6-8.7],15.2 [12.8-17.9],23.8 [20.2-27.8],7.0 [5.7-8.4]
Finland,2015,10.6 [8.7-12.6],14.0 [11.6-16.5],7.3 [5.9-8.8],14.0 [11.9-16.4],21.7 [18.6-25.1],6.6 [5.4-8.0]
France,2019,10.6 [8.2-13.5],14.0 [11.0-17.6],7.3 [5.6-9.5],13.8 [10.9-19.3],20.4 [16.4-27.4],7.6 [5.8-11.7]
France,2018,10.7 [8.4-13.4],14.2 [11.3-17.6],7.4 [5.7-9.4],14.2 [11.4-19.7],21.1 [17.2-27.9],7.8 [6.0-11.9]
France,2017,10.8 [8.6-13.4],14.4 [11.6-17.6],7.4 [5.8-9.3],14.6 [11.9-19.9],21.7 [18.0-28.3],8.0 [6.2-12.0]
France,2016,10.9 [8.9-13.3],14.5 [11.9-17.5],7.5 [6.0-9.3],14.9 [12.3-17.6],22.3 [18.7-26.1],8.0 [6.3-9.6]
France,2015,11.0 [9.1-13.2],14.7 [12.3-17.5],7.5 [6.1-9.1],15.8 [13.4-22.6],23.7 [20.3-31.9],8.4 [6.8-14.0]
Gabon,2019,21.3 [12.7-32.0],26.0 [16.1-37.8],16.6 [9.3-26.0],8.4 [4.7-14.0],14.2 [7.9-23.7],2.4 [1.3-4.0]
Gabon,2018,22.2 [13.2-33.2],26.8 [16.5-38.7],17.6 [9.9-27.5],8.6 [4.8-14.2],14.6 [8.2-24.0],2.5 [1.4-4.0]
Gabon,2017,22.6 [13.5-33.7],27.3 [16.9-39.5],17.9 [10.1-27.8],8.8 [5.0-14.4],14.8 [8.4-24.3],2.6 [1.4-4.2]
Gabon,2016,23.5 [14.1-34.9],28.3 [17.6-40.7],18.6 [10.6-28.8],9.2 [5.2-15.1],15.5 [8.8-25.4],2.7 [1.5-4.4]
Gabon,2015,24.1 [14.5-35.6],28.9 [18.0-41.5],19.2 [11.0-29.6],9.6 [5.5-15.7],16.0 [9.2-26.0],3.1 [1.7-5.0]
Georgia,2019,24.9 [18.9-31.4],35.5 [27.7-43.6],15.2 [11.3-19.9],9.2 [6.4-12.7],16.0 [11.1-22.1],3.0 [2.0-4.2]
Georgia,2018,24.7 [19.3-30.6],35.3 [28.2-42.6],15.2 [11.6-19.4],9.4 [6.6-12.7],16.3 [11.6-22.0],3.1 [2.1-4.2]
Georgia,2017,24.9 [19.9-30.1],35.4 [29.0-41.8],15.4 [12.0-19.2],9.6 [7.0-12.8],16.7 [12.2-22.2],3.1 [2.2-4.3]
Georgia,2016,26.5 [21.7-31.4],37.0 [30.9-42.9],17.0 [13.6-20.8],10.7 [8.0-14.0],18.6 [14.0-24.1],3.5 [2.5-4.7]
Georgia,2015,25.5 [20.9-30.1],35.5 [29.7-41.0],16.5 [13.2-20.1],10.5 [8.0-13.5],18.1 [13.9-23.1],3.6 [2.6-4.8]
Germany,2019,12.1 [9.6-14.8],15.2 [12.3-18.4],9.0 [7.0-11.2],12.3 [10.0-15.0],18.6 [15.2-22.5],6.2 [4.9-7.7]
Germany,2018,12.2 [9.9-14.7],15.3 [12.6-18.4],9.1 [7.2-11.1],12.9 [10.6-15.5],19.2 [15.9-22.8],6.8 [5.4-8.3]
Germany,2017,12.1 [10.0-14.4],15.2 [12.7-18.1],9.0 [7.3-10.8],12.6 [10.5-14.9],18.8 [15.8-22.1],6.6 [5.3-7.9]
Germany,2016,12.4 [10.4-14.6],15.6 [13.3-18.3],9.2 [7.5-10.9],13.0 [11.1-15.1],19.4 [16.7-22.4],6.8 [5.7-8.1]
Germany,2015,12.6 [10.6-14.6],15.9 [13.6-18.4],9.2 [7.7-10.8],13.3 [11.4-15.2],19.5 [16.9-22.2],7.3 [6.2-8.5]
Ghana,2019,22.5 [14.1-32.5],24.3 [15.1-35.1],20.8 [13.2-29.9],6.6 [4.0-10.1],11.8 [7.2-18.1],1.2 [0.7-1.9]
Ghana,2018,22.8 [14.4-32.7],24.6 [15.4-35.5],21.0 [13.4-30.1],6.6 [4.0-10.2],11.9 [7.3-18.3],1.2 [0.7-2.0]
Ghana,2017,23.3 [14.9-33.3],25.3 [16.0-36.2],21.5 [13.8-30.6],7.0 [4.3-10.6],12.5 [7.7-18.9],1.3 [0.7-2.1]
Ghana,2016,23.8 [15.2-33.8],25.9 [16.4-36.8],21.8 [14.1-31.0],7.2 [4.5-10.8],12.9 [8.0-19.2],1.4 [0.8-2.2]
Ghana,2015,24.1 [15.4-34.2],26.3 [16.7-37.2],22.0 [14.2-31.3],7.3 [4.6-10.9],13.0 [8.2-19.4],1.5 [0.9-2.3]
Greece,2019,12.5 [10.3-15.0],17.2 [14.4-20.4],8.0 [6.3-9.8],5.1 [4.0-6.4],8.4 [6.6-10.5],1.9 [1.4-2.5]
Greece,2018,12.6 [10.4-14.9],17.3 [14.7-20.3],8.0 [6.4-9.8],5.1 [4.0-6.3],8.3 [6.6-10.3],1.9 [1.4-2.5]
Greece,2017,12.5 [10.5-14.8],17.2 [14.7-20.0],8.0 [6.6-9.7],5.1 [4.1-6.3],8.3 [6.7-10.2],2.0 [1.6-2.6]
Greece,2016,12.5 [10.6-14.6],17.1 [14.7-19.7],8.2 [6.8-9.8],4.7 [3.8-5.7],7.9 [6.5-9.5],1.6 [1.2-2.0]
Greece,2015,13.1 [11.2-15.1],18.2 [15.8-20.8],8.1 [6.7-9.6],5.0 [4.2-6.0],8.2 [6.9-9.7],2.0 [1.6-2.5]
Guatemala,2019,16.5 [11.7-22.3],16.5 [11.6-22.5],16.4 [11.7-22.0],5.9 [4.1-8.2],9.3 [6.6-12.9],2.6 [1.8-3.6]
Guatemala,2018,16.6 [12.2-21.9],16.7 [12.1-22.3],16.5 [12.2-21.6],6.0 [4.3-8.0],9.4 [6.8-12.6],2.6 [1.9-3.6]
Guatemala,2017,16.2 [12.3-20.8],16.3 [12.2-21.1],16.1 [12.3-20.6],5.6 [4.2-7.3],8.6 [6.5-11.2],2.7 [2.0-3.6]
Guatemala,2016,17.2 [13.2-21.7],17.2 [13.2-22.0],17.1 [13.2-21.5],5.7 [4.4-7.3],8.7 [6.7-11.1],2.8 [2.1-3.7]
Guatemala,2015,17.3 [13.4-21.7],17.4 [13.5-22.1],17.1 [13.4-21.3],5.8 [4.5-7.3],8.9 [7.0-11.2],2.9 [2.2-3.6]
Guinea,2019,24.9 [15.2-36.7],24.9 [15.1-37.0],25.0 [15.3-36.5],7.0 [3.8-11.6],9.2 [4.9-15.3],4.9 [2.7-8.2]
Guinea,2018,25.2 [15.5-37.0],25.2 [15.4-37.4],25.2 [15.6-36.8],6.9 [3.7-11.4],9.0 [4.8-15.1],4.8 [2.7-8.1]
Guinea,2017,25.6 [15.8-37.5],25.6 [15.7-37.7],25.6 [15.9-37.3],7.0 [3.8-11.6],9.0 [4.8-15.0],5.0 [2.8-8.4]
Guinea,2016,26.0 [16.1-38.0],26.2 [16.1-38.6],26.0 [16.1-37.7],7.1 [3.9-11.8],9.3 [4.9-15.4],5.1 [2.9-8.4]
Guinea,2015,26.3 [16.3-38.3],26.7 [16.3-39.1],26.1 [16.3-37.8],7.2 [3.9-11.9],9.5 [5.0-15.7],5.1 [2.9-8.4]
Haiti,2019,31.3 [17.9-48.0],29.9 [17.5-45.7],32.6 [18.3-50.0],9.6 [4.9-16.1],11.8 [5.7-19.9],7.6 [4.2-12.3]
Haiti,2018,31.6 [18.1-48.3],30.1 [17.7-46.0],32.9 [18.4-50.3],9.7 [5.0-16.3],11.8 [5.7-19.9],7.7 [4.2-12.7]
Haiti,2017,31.7 [18.2-48.5],30.2 [17.7-46.0],33.2 [18.6-50.7],9.7 [5.0-16.2],11.7 [5.6-19.6],7.8 [4.3-12.9]
Haiti,2016,32.2 [18.5-49.0],30.3 [17.8-46.1],33.8 [19.0-51.5],9.8 [5.0-16.4],11.5 [5.5-19.4],8.2 [4.5-13.5]
Haiti,2015,32.6 [18.7-49.5],30.6 [17.9-46.6],34.4 [19.5-52.1],10.0 [5.1-16.7],11.6 [5.6-19.5],8.5 [4.7-14.0]
Honduras,2019,18.7 [10.8-28.9],17.9 [10.6-27.2],19.4 [10.9-30.5],2.1 [1.0-4.1],3.3 [1.6-6.7],0.8 [0.4-1.4]
Honduras,2018,18.8 [10.8-29.1],17.9 [10.6-27.3],19.6 [11.0-30.6],2.0 [1.0-4.0],3.3 [1.6-6.6],0.8 [0.4-1.4]
Honduras,2017,19.5 [11.2-30.1],19.1 [11.3-29.1],19.9 [11.2-31.1],2.1 [1.0-4.1],3.3 [1.7-6.7],0.8 [0.4-1.5]
Honduras,2016,19.3 [11.1-29.9],18.7 [10.9-28.5],19.9 [11.2-31.1],2.0 [1.0-4.0],3.2 [1.6-6.5],0.8 [0.4-1.4]
Honduras,2015,21.2 [12.2-32.5],22.0 [12.9-33.1],20.5 [11.5-32.0],4.0 [1.9-8.3],7.2 [3.4-15.3],0.8 [0.4-1.4]
Hungary,2019,22.1 [16.8-28.1],29.8 [23.1-37.3],15.2 [11.2-19.6],16.6 [12.5-21.7],25.9 [19.7-33.5],8.3 [6.0-11.0]
Hungary,2018,22.7 [18.2-27.6],30.5 [25.0-36.5],15.7 [12.2-19.4],17.7 [14.1-21.9],28.4 [22.8-34.8],8.1 [6.2-10.2]
Hungary,2017,23.1 [19.6-26.7],30.8 [26.7-35.1],16.1 [13.3-18.9],17.5 [14.7-20.5],27.7 [23.6-32.3],8.2 [6.7-9.8]
Hungary,2016,22.8 [19.6-26.2],30.7 [27.0-34.8],15.6 [13.0-18.2],18.7 [16.0-21.7],29.1 [25.2-33.4],9.3 [7.7-11.1]
Hungary,2015,23.2 [20.1-26.4],30.7 [27.2-34.5],16.5 [13.9-19.1],19.9 [17.3-22.9],31.0 [27.2-35.2],9.9 [8.3-11.7]
Iceland,2019,8.7 [6.6-11.1],10.2 [8.0-12.9],7.0 [5.2-9.2],11.9 [9.2-14.9],19.8 [15.6-24.6],3.9 [2.9-5.2]
Iceland,2018,8.5 [6.6-10.8],10.0 [7.8-12.5],7.0 [5.3-9.1],10.8 [8.5-13.4],17.8 [14.1-21.8],3.8 [2.8-5.0]
Iceland,2017,8.7 [6.7-11.0],10.0 [7.9-12.5],7.3 [5.5-9.5],12.2 [9.7-14.9],21.7 [17.4-26.3],2.7 [2.0-3.5]
Iceland,2016,8.8 [6.8-11.1],10.0 [7.9-12.5],7.5 [5.7-9.6],13.0 [10.3-15.9],21.2 [17.1-25.8],4.6 [3.5-6.0]
Iceland,2015,9.2 [7.2-11.5],10.5 [8.3-13.0],7.9 [6.1-10.1],14.3 [11.3-17.6],22.5 [18.1-27.4],5.9 [4.5-7.7]
India,2019,21.9 [16.5-27.7],24.6 [18.8-30.8],19.0 [14.0-24.3],12.7 [9.2-16.2],14.1 [9.8-18.0],11.1 [8.6-14.2]
India,2018,22.0 [17.1-27.4],24.7 [19.6-30.5],19.1 [14.5-24.1],12.6 [9.2-15.6],14.0 [9.6-17.4],11.0 [8.7-13.7]
India,2017,22.2 [17.7-27.2],25.0 [20.3-30.3],19.3 [14.9-24.0],12.0 [8.9-14.8],13.4 [9.3-16.6],10.5 [8.5-12.9]
India,2016,22.6 [18.3-27.2],25.4 [21.1-30.2],19.7 [15.4-24.1],12.1 [9.1-14.5],13.4 [9.3-16.3],10.6 [8.8-12.6]
India,2015,22.6 [18.5-27.0],25.4 [21.2-29.9],19.8 [15.7-24.1],12.3 [9.4-14.5],13.7 [9.7-16.2],10.8 [9.1-12.7]
Indonesia,2019,24.8 [17.9-32.3],28.4 [20.6-36.5],21.1 [15.1-27.8],2.4 [1.7-3.3],3.7 [2.6-5.1],1.1 [0.8-1.4]
Indonesia,2018,25.0 [18.3-32.4],28.6 [21.1-36.6],21.3 [15.4-28.0],2.4 [1.7-3.3],3.7 [2.6-5.2],1.1 [0.8-1.4]
Indonesia,2017,25.2 [18.4-32.4],28.7 [21.2-36.5],21.6 [15.6-28.1],2.4 [1.7-3.3],3.7 [2.6-5.2],1.1 [0.8-1.4]
Indonesia,2016,25.4 [18.7-32.4],28.9 [21.4-36.5],21.9 [15.9-28.3],2.4 [1.7-3.2],3.7 [2.6-5.1],1.1 [0.9-1.4]
Indonesia,2015,25.6 [18.9-32.5],29.0 [21.7-36.5],22.1 [16.2-28.4],2.4 [1.7-3.2],3.6 [2.5-4.9],1.1 [0.9-1.4]
Iran,2019,14.8 [12.8-16.7],17.6 [15.4-19.9],12.0 [10.1-13.5],5.2 [4.1-6.5],7.7 [5.9-9.8],2.8 [2.3-3.2]
Iran,2018,14.9 [13.0-16.8],17.7 [15.6-19.8],12.1 [10.3-13.6],5.7 [4.5-7.0],8.4 [6.3-10.6],2.9 [2.6-3.2]
Iran,2017,15.1 [13.2-16.9],17.9 [15.9-20.0],12.2 [10.5-13.7],6.0 [4.8-7.4],9.0 [6.7-11.4],3.0 [2.7-3.4]
Iran,2016,15.2 [13.4-17.0],18.1 [16.1-20.2],12.3 [10.6-13.8],6.2 [4.9-7.6],9.2 [6.8-11.6],3.2 [2.8-3.5]
Iran,2015,15.4 [13.6-17.1],18.3 [16.4-20.4],12.4 [10.8-13.8],6.3 [5.0-7.8],9.3 [7.0-11.8],3.3 [3.0-3.6]
Iraq,2019,23.5 [16.5-31.4],27.5 [19.6-36.0],20.0 [13.8-27.2],3.6 [2.1-5.8],5.2 [3.1-8.4],2.0 [1.1-3.1]
Iraq,2018,23.4 [16.4-31.4],27.2 [19.3-35.8],20.0 [13.9-27.3],3.7 [2.2-5.9],5.4 [3.2-8.5],2.1 [1.2-3.3]
Iraq,2017,23.7 [16.7-31.8],27.6 [19.5-36.4],20.2 [14.1-27.5],3.9 [2.4-6.3],5.6 [3.4-8.9],2.2 [1.4-3.5]
Iraq,2016,24.0 [17.0-32.1],27.9 [19.9-36.6],20.5 [14.4-27.8],4.0 [2.5-6.4],5.7 [3.5-9.0],2.3 [1.4-3.6]
Iraq,2015,24.3 [17.4-32.2],28.2 [20.4-36.7],20.7 [14.6-28.0],4.1 [2.5-6.4],5.8 [3.5-9.1],2.4 [1.4-3.6]
Ireland,2019,9.7 [7.4-12.3],11.2 [8.7-14.2],8.1 [6.1-10.5],9.6 [7.5-12.1],15.4 [12.2-19.4],3.9 [2.9-5.0]
Ireland,2018,9.9 [7.7-12.5],11.6 [9.1-14.4],8.3 [6.3-10.6],9.9 [7.8-12.3],15.8 [12.7-19.7],4.0 [3.0-5.1]
Ireland,2017,10.2 [8.0-12.7],11.9 [9.5-14.7],8.4 [6.5-10.6],10.0 [8.0-12.3],16.1 [13.1-19.7],4.1 [3.1-5.1]
Ireland,2016,10.4 [8.3-12.8],12.2 [9.8-14.9],8.6 [6.7-10.7],10.0 [8.2-12.1],16.1 [13.3-19.4],4.0 [3.1-5.1]
Ireland,2015,10.6 [8.6-12.9],12.6 [10.3-15.2],8.7 [6.9-10.6],9.3 [7.8-11.1],14.7 [12.4-17.2],4.0 [3.2-5.0]
Israel,2019,8.8 [6.8-11.2],10.9 [8.6-13.7],6.8 [5.2-8.8],5.3 [4.2-6.7],8.4 [6.7-10.4],2.3 [1.8-3.0]
Israel,2018,8.9 [7.0-11.2],11.2 [8.9-14.0],6.8 [5.2-8.7],5.4 [4.3-6.7],8.5 [6.8-10.4],2.4 [1.8-3.0]
Israel,2017,9.0 [7.2-11.2],11.1 [9.0-13.7],7.0 [5.5-8.9],5.1 [4.1-6.3],7.8 [6.3-9.5],2.5 [1.9-3.2]
Israel,2016,9.2 [7.4-11.3],11.3 [9.2-13.8],7.2 [5.7-9.0],5.2 [4.2-6.3],8.4 [6.9-10.1],2.1 [1.6-2.6]
Israel,2015,9.6 [7.8-11.7],11.8 [9.8-14.3],7.4 [6.0-9.2],4.5 [3.7-5.5],7.1 [5.9-8.4],2.1 [1.6-2.6]
Italy,2019,9.0 [7.9-10.1],11.3 [10.0-12.7],6.8 [6.0-7.7],6.7 [6.0-8.5],10.1 [9.2-11.0],3.5 [3.0-6.0]
Italy,2018,9.1 [8.1-10.3],11.5 [10.3-12.9],6.9 [6.1-7.8],6.7 [6.1-8.5],10.2 [9.3-11.2],3.5 [3.0-6.0]
Italy,2017,9.4 [8.4-10.5],11.8 [10.6-13.2],7.1 [6.3-8.0],7.1 [6.4-7.7],10.8 [10.0-11.8],3.5 [3.0-3.9]
Italy,2016,9.3 [8.4-10.4],11.8 [10.7-13.1],7.0 [6.2-7.8],6.6 [6.0-7.1],10.1 [9.4-10.9],3.2 [2.8-3.5]
Italy,2015,9.8 [8.9-10.8],12.4 [11.3-13.7],7.3 [6.5-8.1],7.1 [6.6-9.6],10.9 [10.1-11.7],3.6 [3.2-7.7]
Jamaica,2019,16.9 [11.7-23.0],16.3 [11.1-22.4],17.4 [12.2-23.6],2.4 [1.6-3.4],3.7 [2.5-5.3],1.1 [0.7-1.5]
Jamaica,2018,16.7 [11.7-22.6],16.2 [11.2-22.0],17.1 [12.2-23.1],2.3 [1.6-3.2],3.6 [2.5-5.0],1.0 [0.7-1.5]
Jamaica,2017,16.6 [11.9-22.0],16.0 [11.2-21.3],17.1 [12.5-22.6],2.3 [1.6-3.1],3.5 [2.4-4.8],1.0 [0.7-1.5]
Jamaica,2016,16.7 [12.3-21.5],16.0 [11.6-20.7],17.3 [13.0-22.3],2.2 [1.6-3.0],3.4 [2.5-4.6],1.0 [0.7-1.4]
Jamaica,2015,16.8 [12.8-21.0],16.1 [12.1-20.2],17.4 [13.5-21.8],2.2 [1.6-2.9],3.4 [2.5-4.5],1.1 [0.7-1.4]
Japan,2019,8.3 [7.4-9.2],10.9 [9.8-12.0],5.7 [5.1-6.3],15.3 [14.2-16.3],21.8 [20.5-23.0],9.2 [8.2-10.0]
Japan,2018,8.4 [7.6-9.3],11.1 [10.1-12.2],5.7 [5.1-6.4],16.7 [15.5-17.7],23.5 [22.2-24.6],10.2 [9.1-11.1]
Japan,2017,8.6 [7.8-9.5],11.4 [10.4-12.5],5.8 [5.2-6.4],17.0 [15.9-17.9],24.2 [23.0-25.2],10.1 [9.0-10.9]
Japan,2016,8.7 [8.0-9.6],11.6 [10.6-12.6],5.9 [5.3-6.5],17.5 [16.3-18.3],24.8 [23.6-25.7],10.5 [9.4-11.3]
Japan,2015,8.6 [7.9-9.4],11.5 [10.5-12.5],5.8 [5.2-6.4],19.1 [17.9-21.4],27.2 [26.0-30.9],11.4 [10.2-12.3]
Jordan,2019,15.3 [10.5-21.2],17.0 [11.6-23.5],13.6 [9.3-18.8],1.6 [1.1-2.4],2.5 [1.6-3.7],0.7 [0.5-1.1]
Jordan,2018,15.2 [10.6-20.8],17.0 [11.8-23.1],13.6 [9.4-18.5],1.6 [1.0-2.3],2.4 [1.6-3.5],0.7 [0.5-1.1]
Jordan,2017,15.0 [10.6-20.2],16.7 [11.7-22.4],13.4 [9.5-18.0],1.5 [1.0-2.2],2.3 [1.5-3.3],0.7 [0.5-1.0]
Jordan,2016,14.8 [10.7-19.6],16.3 [11.8-21.6],13.4 [9.6-17.7],1.5 [1.0-2.1],2.3 [1.6-3.2],0.7 [0.5-1.0]
Jordan,2015,14.9 [10.9-19.3],16.4 [12.1-21.2],13.4 [9.8-17.4],1.5 [1.0-2.0],2.2 [1.5-3.1],0.7 [0.5-0.9]
Kazakhstan,2019,22.4 [16.9-28.4],31.1 [23.7-38.7],15.3 [11.5-19.7],17.6 [13.5-22.5],29.0 [22.4-37.1],6.8 [5.1-8.8]
Kazakhstan,2018,23.1 [17.9-28.7],32.0 [25.1-39.0],15.8 [12.2-19.9],19.0 [15.1-23.6],31.5 [25.2-39.1],7.1 [5.5-9.0]
Kazakhstan,2017,24.1 [19.1-29.3],33.2 [26.7-39.6],16.6 [13.1-20.5],20.8 [17.0-25.0],34.9 [28.7-41.6],7.6 [6.1-9.3]
Kazakhstan,2016,24.8 [19.9-29.9],34.1 [27.6-40.5],17.0 [13.6-20.7],21.7 [18.1-25.8],36.6 [30.6-43.2],7.8 [6.4-9.5]
Kazakhstan,2015,25.6 [20.6-30.6],35.2 [28.6-41.5],17.5 [14.1-21.1],23.2 [19.6-27.2],39.3 [33.4-45.9],8.2 [6.7-9.8]
Kenya,2019,21.0 [14.6-29.3],22.7 [16.3-30.6],19.6 [13.1-28.3],6.1 [4.3-8.8],9.1 [6.3-13.3],3.2 [2.3-4.3]
Kenya,2018,21.0 [14.8-29.3],22.8 [16.7-30.7],19.6 [13.1-28.2],6.0 [4.2-8.4],9.0 [6.3-12.7],3.1 [2.2-4.1]
Kenya,2017,20.8 [14.6-28.8],22.5 [16.5-30.0],19.4 [13.0-27.8],5.6 [4.0-8.0],8.4 [6.0-12.3],2.8 [2.0-3.8]
Kenya,2016,20.8 [14.7-28.6],22.3 [16.5-29.5],19.5 [13.3-27.9],5.4 [3.9-7.5],8.1 [5.8-11.4],2.8 [2.1-3.7]
Kenya,2015,21.1 [15.0-28.9],22.5 [16.8-29.7],19.9 [13.5-28.4],5.5 [4.0-7.5],8.0 [5.8-11.1],2.9 [2.1-3.9]
Kuwait,2019,11.9 [8.7-16.0],13.8 [10.2-18.2],8.0 [5.5-11.3],2.9 [2.0-4.1],4.3 [3.0-6.0],0.7 [0.5-1.1]
Kuwait,2018,11.8 [8.8-15.6],13.7 [10.5-17.8],8.1 [5.7-11.2],2.8 [2.0-3.9],4.2 [3.0-5.7],0.7 [0.5-1.0]
Kuwait,2017,11.7 [9.0-15.1],13.6 [10.7-17.2],8.0 [5.7-11.0],2.7 [2.0-3.6],4.0 [3.0-5.4],0.7 [0.5-1.0]
Kuwait,2016,11.5 [9.2-14.4],13.4 [11.0-16.4],8.1 [5.9-10.8],2.6 [2.0-3.4],3.9 [3.0-5.1],0.7 [0.5-1.0]
Kuwait,2015,11.4 [9.3-13.9],13.2 [11.1-15.7],8.2 [6.1-10.8],2.6 [2.0-3.2],3.8 [3.0-4.8],0.7 [0.5-1.0]
Kyrgyzstan,2019,20.3 [16.1-25.0],26.5 [21.2-32.0],15.0 [11.8-18.8],7.4 [5.7-9.5],11.7 [9.0-15.0],3.2 [2.4-4.2]
Kyrgyzstan,2018,21.3 [17.5-25.5],27.9 [23.2-32.8],15.7 [12.7-19.1],8.0 [6.3-10.0],12.7 [10.1-15.7],3.4 [2.6-4.3]
Kyrgyzstan,2017,22.3 [18.8-26.0],29.3 [25.0-33.5],16.3 [13.6-19.4],8.3 [6.7-10.1],13.2 [10.8-15.9],3.5 [2.7-4.4]
Kyrgyzstan,2016,23.0 [19.6-26.5],30.1 [26.0-34.2],16.8 [14.2-19.8],8.6 [7.1-10.4],13.7 [11.3-16.3],3.7 [2.9-4.6]
Kyrgyzstan,2015,24.9 [21.4-28.5],33.1 [28.9-37.2],17.7 [15.0-20.8],9.9 [8.2-11.8],16.1 [13.5-18.9],3.9 [3.1-4.8]
Latvia,2019,21.6 [15.3-29.1],31.2 [22.7-40.5],13.5 [9.2-19.0],20.1 [14.1-27.8],35.5 [25.0-48.5],7.0 [4.7-10.2]
Latvia,2018,22.2 [16.2-29.0],31.8 [23.9-40.1],14.1 [9.8-19.4],18.1 [13.1-24.3],34.3 [25.0-45.7],4.3 [2.9-6.2]
Latvia,2017,22.3 [17.0-28.2],32.5 [25.7-39.5],13.8 [9.8-18.3],21.4 [16.3-27.8],36.9 [28.6-47.1],8.3 [5.8-11.4]
Latvia,2016,22.0 [17.6-26.7],32.1 [26.6-37.6],13.6 [10.2-17.4],21.3 [16.9-26.4],36.7 [29.8-44.6],8.2 [6.0-11.0]
Latvia,2015,22.0 [18.1-26.1],31.9 [26.9-36.8],13.9 [11.0-17.1],21.6 [17.6-26.1],37.2 [30.9-44.2],8.4 [6.4-10.7]
Lebanon,2019,19.9 [13.2-27.2],24.2 [16.7-32.2],15.2 [9.5-21.6],2.8 [1.4-5.1],3.8 [2.0-7.2],1.7 [0.9-2.9]
Lebanon,2018,19.9 [13.3-27.0],24.2 [16.8-32.1],15.2 [9.6-21.5],2.5 [1.3-4.5],3.4 [1.8-6.3],1.6 [0.9-2.6]
Lebanon,2017,20.3 [13.7-27.5],24.9 [17.5-32.8],15.4 [9.8-21.7],3.0 [1.6-5.2],4.2 [2.2-7.6],1.8 [1.0-2.9]
Lebanon,2016,20.4 [13.9-27.4],25.0 [17.7-32.8],15.5 [9.9-21.6],2.7 [1.5-4.8],3.7 [2.0-6.7],1.7 [1.0-2.8]
Lebanon,2015,20.6 [14.1-27.6],25.3 [17.9-33.0],15.5 [10.0-21.6],2.8 [1.5-4.9],3.8 [2.1-6.9],1.7 [1.0-2.8]
Liberia,2019,17.8 [10.4-27.5],15.4 [8.7-24.6],19.8 [11.8-30.0],4.5 [2.3-7.9],5.6 [2.9-9.9],3.3 [1.8-5.8]
Liberia,2018,17.6 [10.3-27.2],15.0 [8.5-24.0],19.9 [11.9-30.0],4.4 [2.3-8.1],5.3 [2.7-9.6],3.5 [1.8-6.6]
Liberia,2017,17.7 [10.4-27.3],15.2 [8.7-24.2],19.8 [11.9-29.9],4.5 [2.3-8.3],5.3 [2.7-9.5],3.7 [1.8-7.1]
Liberia,2016,17.8 [10.6-27.3],15.3 [8.8-24.2],19.9 [12.0-29.9],4.5 [2.3-8.3],5.3 [2.7-9.5],3.7 [1.8-7.1]
Liberia,2015,18.0 [10.7-27.5],15.4 [8.9-24.3],20.2 [12.2-30.1],4.5 [2.3-8.3],5.3 [2.8-9.5],3.7 [1.8-7.1]
Libya,2019,18.6 [11.9-27.3],19.7 [12.6-29.3],17.6 [11.3-25.3],4.5 [2.5-7.4],6.0 [3.5-9.9],2.9 [1.6-4.9]
Libya,2018,19.0 [12.3-27.8],20.2 [13.0-30.0],17.9 [11.6-25.7],5.8 [3.3-9.5],8.1 [4.7-13.3],3.4 [1.8-5.7]
Libya,2017,18.8 [12.2-27.4],19.9 [12.8-29.5],17.8 [11.6-25.4],5.5 [3.1-9.2],7.8 [4.5-12.9],3.2 [1.8-5.4]
Libya,2016,18.4 [12.1-26.6],19.3 [12.6-28.4],17.5 [11.6-24.8],5.0 [2.8-8.2],6.8 [3.9-11.3],3.0 [1.6-5.0]
Libya,2015,18.2 [12.0-26.1],19.0 [12.5-27.9],17.4 [11.6-24.4],5.6 [3.1-9.1],7.9 [4.5-13.1],3.1 [1.7-5.1]
Lithuania,2019,19.3 [14.3-25.0],28.4 [21.5-35.9],11.7 [8.5-15.7],26.1 [19.4-34.3],45.4 [34.0-59.2],9.6 [6.9-12.8]
Lithuania,2018,19.8 [15.4-24.5],29.4 [23.3-35.5],11.8 [9.0-15.1],27.4 [21.6-34.1],47.5 [37.8-58.7],10.1 [7.7-13.0]
Lithuania,2017,19.8 [16.4-23.4],29.3 [24.7-33.8],11.9 [9.6-14.5],29.7 [24.8-35.1],50.9 [43.0-59.5],11.5 [9.1-14.3]
Lithuania,2016,21.4 [18.1-24.9],31.6 [27.2-35.9],12.8 [10.5-15.4],32.8 [27.9-38.0],59.9 [51.6-68.9],9.6 [7.7-11.7]
Lithuania,2015,22.2 [18.9-25.5],32.8 [28.5-36.9],13.2 [10.9-15.7],34.9 [30.0-40.2],61.7 [53.9-70.3],11.9 [9.7-14.5]
Luxembourg,2019,9.7 [7.3-12.7],12.0 [9.1-15.5],7.4 [5.5-9.7],11.3 [8.5-14.7],15.3 [11.7-19.9],7.1 [5.2-9.5]
Luxembourg,2018,9.6 [7.3-12.5],11.8 [9.1-15.2],7.4 [5.5-9.6],10.6 [8.0-13.8],14.5 [11.1-18.6],6.7 [4.9-8.8]
Luxembourg,2017,9.6 [7.3-12.3],11.8 [9.2-15.1],7.3 [5.4-9.5],9.8 [7.5-12.7],13.6 [10.5-17.3],6.0 [4.5-7.9]
Luxembourg,2016,9.5 [7.3-12.2],11.6 [9.1-14.7],7.3 [5.5-9.4],10.2 [7.8-13.0],13.9 [10.8-17.7],6.4 [4.7-8.4]
Luxembourg,2015,9.7 [7.6-12.3],11.9 [9.4-14.9],7.4 [5.7-9.5],12.2 [9.4-15.5],16.6 [13.0-20.9],7.7 [5.8-10.1]
Madagascar,2019,26.0 [15.5-39.0],26.4 [15.6-40.2],25.6 [15.5-37.9],5.5 [3.2-8.8],7.6 [4.5-12.2],3.4 [1.9-5.5]
Madagascar,2018,26.1 [15.6-39.0],26.6 [15.7-40.3],25.7 [15.5-37.9],5.5 [3.2-8.8],7.6 [4.5-12.2],3.3 [1.9-5.5]
Madagascar,2017,26.2 [15.8-39.2],26.8 [15.9-40.5],25.8 [15.6-38.0],5.5 [3.2-8.8],7.6 [4.5-12.2],3.4 [1.9-5.5]
Madagascar,2016,26.5 [16.0-39.4],27.2 [16.2-40.9],26.0 [15.8-38.2],5.5 [3.2-8.9],7.7 [4.6-12.3],3.4 [1.9-5.5]
Madagascar,2015,26.6 [16.1-39.4],27.2 [16.4-40.8],26.0 [15.9-38.1],5.5 [3.2-8.8],7.6 [4.6-12.1],3.4 [1.9-5.5]
Malawi,2019,22.6 [13.8-33.5],25.5 [16.0-37.3],20.0 [12.0-30.2],5.4 [3.3-8.3],9.2 [5.7-14.0],1.7 [1.0-2.8]
Malawi,2018,22.9 [14.1-33.9],25.9 [16.4-37.6],20.4 [12.2-30.6],5.6 [3.4-8.6],9.5 [5.9-14.4],1.8 [1.0-2.9]
Malawi,2017,23.4 [14.4-34.4],26.5 [16.8-38.3],20.7 [12.4-31.1],5.9 [3.6-9.0],9.8 [6.2-14.9],2.0 [1.1-3.2]
Malawi,2016,23.7 [14.7-34.8],27.3 [17.5-39.2],20.7 [12.4-31.1],6.1 [3.8-9.3],10.2 [6.5-15.4],2.1 [1.2-3.3]
Malawi,2015,24.0 [15.0-35.2],27.7 [17.9-39.7],20.9 [12.7-31.3],6.2 [3.9-9.3],10.3 [6.6-15.5],2.2 [1.3-3.4]
Malaysia,2019,18.4 [12.6-25.6],21.8 [15.2-29.8],14.9 [9.9-21.0],5.7 [3.5-8.9],8.9 [5.5-14.0],2.3 [1.4-3.5]
Malaysia,2018,18.1 [12.6-24.7],21.5 [15.3-29.0],14.5 [9.9-20.2],5.4 [3.4-8.5],8.5 [5.3-13.2],2.3 [1.4-3.4]
Malaysia,2017,18.1 [13.0-24.2],21.5 [15.8-28.3],14.5 [10.2-19.8],5.4 [3.4-8.2],8.3 [5.3-12.7],2.2 [1.4-3.3]
Malaysia,2016,18.0 [13.5-23.5],21.4 [16.3-27.4],14.4 [10.5-19.2],5.1 [3.3-7.6],7.8 [5.1-11.7],2.2 [1.5-3.2]
Malaysia,2015,17.7 [13.8-22.5],21.1 [16.7-26.3],14.1 [10.7-18.4],4.8 [3.3-7.1],7.3 [4.9-11.0],2.2 [1.5-3.0]
Mali,2019,22.3 [13.3-33.5],20.0 [11.4-30.9],24.3 [14.8-35.6],4.1 [2.0-7.5],5.3 [2.5-10.0],2.9 [1.6-4.9]
Mali,2018,22.6 [13.5-33.7],20.2 [11.6-31.2],24.5 [15.0-35.7],4.1 [2.0-7.4],5.2 [2.5-9.9],3.0 [1.6-4.9]
Mali,2017,22.7 [13.6-33.9],20.4 [11.8-31.4],24.7 [15.2-36.0],4.1 [2.1-7.4],5.2 [2.5-9.9],3.0 [1.7-4.9]
Mali,2016,23.1 [13.9-34.4],20.7 [12.0-31.7],25.2 [15.5-36.6],4.2 [2.1-7.6],5.3 [2.5-10.1],3.2 [1.8-5.2]
Mali,2015,23.3 [14.0-34.6],20.8 [12.0-31.9],25.4 [15.7-36.8],4.3 [2.2-7.7],5.3 [2.5-10.1],3.2 [1.8-5.3]
Malta,2019,10.5 [8.0-13.6],12.9 [9.9-16.4],8.2 [6.0-10.8],6.1 [4.5-7.9],9.8 [7.4-12.8],2.3 [1.6-3.0]
Malta,2018,10.5 [8.0-13.5],12.9 [10.1-16.3],8.2 [6.0-10.7],6.0 [4.5-7.8],9.7 [7.3-12.6],2.3 [1.6-3.0]
Malta,2017,10.5 [8.1-13.4],12.8 [10.0-16.0],8.2 [6.1-10.7],5.5 [4.1-7.1],8.9 [6.8-11.5],2.0 [1.5-2.6]
Malta,2016,10.6 [8.2-13.4],13.1 [10.3-16.3],8.1 [6.1-10.5],5.8 [4.4-7.5],9.4 [7.1-12.0],2.2 [1.7-3.0]
Malta,2015,10.7 [8.4-13.5],13.4 [10.7-16.6],8.1 [6.1-10.4],7.2 [5.5-9.2],11.6 [8.9-14.8],2.7 [2.0-3.6]
Mauritania,2019,16.1 [9.3-24.8],13.9 [7.8-22.1],18.0 [10.6-27.1],3.1 [1.5-5.8],4.0 [1.9-7.9],2.2 [1.2-3.8]
Mauritania,2018,16.0 [9.5-24.4],13.7 [7.9-21.6],18.0 [11.0-26.8],3.1 [1.6-5.7],4.0 [1.9-7.8],2.2 [1.2-3.7]
Mauritania,2017,15.9 [9.7-24.0],13.6 [8.0-21.3],17.9 [11.1-26.4],3.1 [1.6-5.6],4.0 [1.9-7.6],2.2 [1.2-3.6]
Mauritania,2016,15.9 [9.7-24.0],13.5 [7.9-21.0],18.0 [11.2-26.4],3.0 [1.5-5.6],3.9 [1.9-7.5],2.2 [1.2-3.6]
Mauritania,2015,15.9 [9.7-23.8],13.3 [7.8-20.7],18.0 [11.3-26.3],3.0 [1.6-5.5],3.9 [1.9-7.3],2.2 [1.2-3.6]
Mauritius,2019,23.2 [17.1-30.2],28.3 [21.1-36.3],18.1 [13.2-24.1],9.5 [6.8-12.8],16.3 [11.8-21.9],2.8 [1.9-3.9]
Mauritius,2018,23.2 [17.9-29.0],28.6 [22.5-35.3],17.7 [13.5-22.6],8.7 [6.5-11.4],13.1 [9.9-17.0],4.4 [3.2-5.9]
Mauritius,2017,23.1 [18.9-27.8],28.6 [23.6-33.8],17.7 [14.2-21.7],9.6 [7.5-12.0],15.3 [12.0-19.0],4.1 [3.1-5.3]
Mauritius,2016,23.2 [19.1-27.6],28.6 [23.9-33.6],17.8 [14.4-21.7],8.1 [6.4-10.0],13.6 [10.8-16.8],2.7 [2.0-3.5]
Mauritius,2015,23.5 [19.5-27.9],29.1 [24.5-34.0],18.0 [14.7-21.7],7.9 [6.3-9.8],12.1 [9.8-14.8],3.8 [2.9-4.9]
Mexico,2019,15.6 [12.2-19.7],18.0 [14.0-22.5],13.5 [10.6-17.1],5.3 [4.3-6.5],8.5 [7.0-10.4],2.2 [1.8-2.8]
Mexico,2018,15.6 [12.9-18.7],17.9 [14.8-21.3],13.6 [11.2-16.3],5.4 [4.6-6.2],8.7 [7.4-10.0],2.2 [1.9-2.6]
Mexico,2017,15.7 [14.1-17.6],18.0 [16.3-19.9],13.7 [12.2-15.6],5.9 [5.5-6.3],9.8 [9.1-10.4],2.2 [2.0-2.3]
Mexico,2016,16.0 [14.5-17.9],18.3 [16.6-20.0],14.0 [12.6-15.9],5.6 [5.3-5.9],9.2 [8.7-9.6],2.1 [2.0-2.3]
Mexico,2015,15.7 [14.2-17.4],17.7 [16.1-19.4],13.9 [12.5-15.7],5.6 [5.3-5.9],9.0 [8.5-9.4],2.3 [2.1-2.5]
Mongolia,2019,35.0 [24.0-47.7],44.8 [31.8-58.9],25.7 [17.0-36.3],17.9 [11.0-27.6],30.7 [19.0-47.3],5.4 [3.2-8.4]
Mongolia,2018,35.2 [24.3-47.8],45.1 [32.1-59.2],25.7 [17.2-36.1],18.6 [11.5-28.4],32.0 [19.8-48.7],5.6 [3.4-8.7]
Mongolia,2017,35.4 [24.6-47.8],45.3 [32.4-59.2],25.8 [17.4-36.1],19.2 [11.8-29.1],32.9 [20.3-49.7],5.9 [3.6-9.0]
Mongolia,2016,35.8 [25.0-47.9],45.8 [33.0-59.2],26.0 [17.7-36.1],20.1 [12.4-30.1],34.3 [21.3-51.2],6.2 [3.8-9.4]
Mongolia,2015,36.1 [25.5-48.0],46.2 [33.7-59.4],26.1 [17.8-36.1],20.0 [12.4-29.7],33.9 [21.1-50.2],6.4 [4.0-9.6]
Montenegro,2019,22.3 [16.2-29.3],28.6 [21.1-37.1],16.0 [11.5-21.3],21.0 [14.0-30.5],31.7 [21.0-46.6],10.4 [7.1-14.8]
Montenegro,2018,22.5 [16.6-29.2],28.9 [21.7-36.9],16.1 [11.7-21.2],21.2 [14.3-30.7],31.9 [21.4-46.7],10.7 [7.3-15.0]
Montenegro,2017,22.8 [17.2-29.2],29.5 [22.5-37.1],16.2 [11.9-21.2],21.1 [14.4-30.2],31.8 [21.6-45.8],10.7 [7.4-14.9]
Montenegro,2016,22.8 [17.5-28.9],29.3 [22.9-36.4],16.4 [12.2-21.3],20.8 [14.4-29.3],31.1 [21.6-44.1],10.7 [7.5-14.9]
Montenegro,2015,22.8 [17.6-28.7],29.0 [22.9-35.8],16.7 [12.5-21.5],20.7 [14.7-28.4],30.7 [21.8-42.2],10.9 [7.8-14.9]
Morocco,2019,24.1 [15.9-33.5],26.0 [17.2-35.6],22.3 [14.7-31.3],7.2 [3.3-13.4],9.7 [4.3-17.8],4.7 [2.4-9.2]
Morocco,2018,24.2 [15.9-33.7],26.0 [17.0-35.9],22.4 [14.8-31.5],7.2 [3.4-13.3],9.5 [4.3-17.4],4.8 [2.4-9.3]
Morocco,2017,24.2 [15.9-33.9],25.9 [16.8-36.0],22.6 [14.9-31.7],7.1 [3.4-13.0],9.3 [4.3-16.6],5.0 [2.5-9.4]
Morocco,2016,24.3 [15.9-34.1],25.8 [16.7-36.1],22.7 [15.1-31.9],7.2 [3.4-13.1],9.3 [4.3-16.7],5.1 [2.6-9.6]
Morocco,2015,24.4 [16.0-34.3],25.8 [16.8-36.3],22.9 [15.3-32.2],7.4 [3.6-13.4],9.5 [4.5-16.9],5.3 [2.7-10.0]
Myanmar,2019,24.9 [17.0-34.2],30.6 [21.6-41.3],20.2 [13.4-28.3],2.9 [1.8-4.4],4.9 [3.0-7.2],1.1 [0.6-1.7]
Myanmar,2018,25.2 [17.3-34.4],30.8 [21.9-41.3],20.6 [13.7-28.6],2.9 [1.8-4.3],4.8 [3.0-7.1],1.1 [0.6-1.8]
Myanmar,2017,25.3 [17.4-34.4],30.7 [21.8-41.0],20.9 [13.9-28.9],3.0 [1.8-4.5],5.0 [3.1-7.4],1.1 [0.7-1.8]
Myanmar,2016,25.9 [17.8-35.1],31.2 [22.2-41.6],21.5 [14.3-29.7],3.2 [1.9-4.8],5.3 [3.2-7.9],1.2 [0.7-1.9]
Myanmar,2015,26.1 [18.0-35.6],31.3 [22.2-41.9],21.8 [14.5-30.2],3.2 [1.9-4.8],5.3 [3.2-7.9],1.2 [0.7-1.9]
Nepal,2019,21.5 [12.9-32.0],23.9 [14.9-34.6],19.3 [11.1-29.5],9.0 [5.0-13.8],16.4 [9.2-25.0],2.7 [1.5-4.5]
Nepal,2018,21.5 [13.0-32.0],23.8 [14.9-34.6],19.4 [11.2-29.5],8.8 [4.8-13.6],16.1 [8.8-24.5],2.7 [1.5-4.5]
Nepal,2017,21.4 [13.0-31.7],23.6 [14.8-34.2],19.4 [11.3-29.4],8.7 [4.7-13.3],15.8 [8.6-24.0],2.7 [1.5-4.4]
Nepal,2016,21.3 [13.0-31.6],23.4 [14.8-33.9],19.4 [11.4-29.4],8.5 [4.6-13.1],15.6 [8.4-23.6],2.7 [1.5-4.3]
Nepal,2015,21.5 [13.2-31.7],23.6 [15.0-34.0],19.5 [11.6-29.5],8.5 [4.6-13.1],15.4 [8.2-23.5],2.7 [1.5-4.3]
Netherlands,2019,10.3 [8.1-12.8],11.6 [9.2-14.4],9.1 [7.0-11.3],11.8 [9.6-14.4],15.5 [12.7-18.6],8.3 [6.5-10.2]
Netherlands,2018,10.4 [8.2-12.7],11.7 [9.4-14.3],9.0 [7.0-11.0],11.4 [9.3-13.7],14.3 [11.9-17.0],8.5 [6.7-10.3]
Netherlands,2017,10.6 [8.5-12.8],12.0 [9.7-14.5],9.2 [7.3-11.2],12.1 [10.1-14.3],16.1 [13.6-18.9],8.1 [6.6-9.8]
Netherlands,2016,11.1 [9.1-13.2],12.5 [10.3-14.9],9.6 [7.8-11.5],11.9 [10.1-13.9],15.8 [13.6-18.3],8.0 [6.6-9.6]
Netherlands,2015,11.2 [9.2-13.2],12.7 [10.6-14.9],9.7 [7.9-11.4],11.8 [10.1-13.6],15.7 [13.7-17.9],7.9 [6.6-9.3]
New Zealand,2019,10.3 [8.3-12.5],12.1 [9.8-14.6],8.5 [6.8-10.5],11.0 [9.1-13.3],16.5 [13.8-19.6],5.8 [4.6-7.1]
New Zealand,2018,10.4 [8.5-12.6],12.2 [10.0-14.7],8.7 [7.0-10.6],11.4 [9.5-13.5],16.9 [14.2-20.0],6.0 [4.8-7.3]
New Zealand,2017,10.9 [9.0-13.2],12.8 [10.5-15.3],9.2 [7.5-11.1],12.7 [10.7-15.0],19.1 [16.2-22.3],6.6 [5.4-8.0]
New Zealand,2016,10.8 [8.9-12.8],12.5 [10.4-14.9],9.1 [7.5-10.8],12.2 [10.3-14.2],18.2 [15.7-21.1],6.3 [5.2-7.6]
New Zealand,2015,10.9 [9.1-12.9],12.6 [10.6-14.9],9.3 [7.7-10.9],11.7 [10.0-13.6],17.1 [14.9-19.6],6.5 [5.4-7.8]
Nicaragua,2019,15.3 [10.5-21.2],17.7 [12.1-24.4],13.4 [9.3-18.6],4.4 [2.8-12.1],6.9 [4.5-21.6],1.9 [1.2-2.8]
Nicaragua,2018,15.6 [11.3-20.6],18.1 [13.2-23.8],13.5 [9.8-18.0],4.5 [3.1-15.7],7.0 [4.7-28.6],2.2 [1.5-3.1]
Nicaragua,2017,15.6 [11.9-19.7],18.0 [13.8-22.6],13.6 [10.4-17.3],4.4 [3.2-5.9],6.8 [4.9-9.1],2.1 [1.5-2.9]
Nicaragua,2016,15.8 [12.3-19.7],18.3 [14.3-22.8],13.7 [10.6-17.2],4.4 [3.1-5.7],7.0 [4.9-9.1],1.8 [1.3-2.4]
Nicaragua,2015,15.0 [11.8-18.6],17.2 [13.6-21.2],13.2 [10.3-16.4],4.2 [3.1-5.5],6.3 [4.5-8.2],2.2 [1.7-2.9]
Niger,2019,21.0 [12.3-32.2],20.6 [11.9-32.1],21.3 [12.7-32.3],5.3 [2.7-9.4],7.2 [3.6-13.1],3.3 [1.8-5.6]
Niger,2018,21.1 [12.5-32.4],20.8 [12.1-32.4],21.5 [12.9-32.4],5.3 [2.7-9.3],7.2 [3.6-13.0],3.3 [1.8-5.6]
Niger,2017,21.3 [12.6-32.6],21.0 [12.2-32.6],21.6 [12.9-32.6],5.3 [2.7-9.3],7.2 [3.5-13.1],3.3 [1.8-5.5]
Niger,2016,21.4 [12.6-32.7],21.1 [12.3-32.7],21.6 [12.9-32.7],5.3 [2.7-9.4],7.3 [3.5-13.1],3.3 [1.8-5.6]
Niger,2015,21.5 [12.6-33.0],21.3 [12.3-33.0],21.7 [12.9-32.9],5.4 [2.7-9.5],7.4 [3.6-13.4],3.4 [1.9-5.6]
Nigeria,2019,16.9 [11.0-24.3],16.1 [10.2-23.7],17.7 [11.7-24.9],3.5 [2.0-5.8],5.0 [3.0-8.4],1.9 [0.9-3.2]
Nigeria,2018,17.1 [11.1-24.2],16.3 [10.4-23.6],17.8 [11.8-24.8],3.5 [2.0-6.0],5.1 [3.0-8.7],2.0 [0.9-3.1]
Nigeria,2017,17.3 [11.3-24.5],16.6 [10.7-24.1],17.9 [11.9-25.0],3.6 [2.0-6.1],5.2 [3.0-8.9],2.0 [0.9-3.2]
Nigeria,2016,17.6 [11.6-24.8],17.0 [10.9-24.6],18.2 [12.2-25.1],3.7 [2.0-6.2],5.3 [3.1-9.2],2.0 [0.9-3.2]
Nigeria,2015,17.8 [11.7-25.4],17.3 [11.1-25.2],18.3 [12.2-25.5],3.7 [2.0-6.3],5.3 [3.1-9.1],2.0 [0.9-3.3]
Norway,2019,8.7 [7.4-9.9],10.0 [8.7-11.4],7.4 [6.1-8.4],11.8 [10.6-13.1],15.8 [14.3-17.5],7.7 [6.9-8.6]
Norway,2018,8.9 [7.7-10.2],10.3 [9.0-11.7],7.5 [6.3-8.5],12.0 [10.8-13.2],16.0 [14.6-17.7],7.8 [7.0-8.7]
Norway,2017,9.2 [7.9-10.4],10.7 [9.4-12.1],7.7 [6.5-8.7],12.1 [11.1-13.4],16.3 [14.9-17.8],8.0 [7.2-8.8]
Norway,2016,9.5 [8.3-10.6],11.0 [9.8-12.3],7.9 [6.7-8.9],12.6 [11.6-13.7],16.5 [15.3-17.9],8.6 [7.8-9.5]
Norway,2015,9.5 [8.3-10.6],11.2 [10.0-12.6],7.7 [6.6-8.6],12.5 [11.4-13.5],16.2 [15.0-17.5],8.7 [7.9-9.6]
Pakistan,2019,29.4 [20.4-40.0],31.8 [22.2-43.1],26.9 [18.6-36.7],8.9 [4.5-15.8],13.3 [6.1-24.7],4.3 [2.8-6.5]
Pakistan,2018,29.8 [20.8-40.4],32.3 [22.6-43.6],27.1 [18.9-36.9],8.9 [4.3-15.8],13.2 [5.8-24.6],4.4 [2.8-6.5]
Pakistan,2017,30.1 [21.2-40.8],32.7 [23.2-44.1],27.4 [19.1-37.2],9.1 [4.5-16.1],13.5 [5.9-25.0],4.5 [2.9-6.6]
Pakistan,2016,30.4 [21.4-41.0],33.1 [23.5-44.3],27.6 [19.1-37.4],9.1 [4.5-16.0],13.4 [6.0-24.8],4.5 [3.0-6.6]
Pakistan,2015,30.7 [21.6-41.1],33.4 [23.8-44.6],27.7 [19.3-37.2],9.0 [4.3-15.7],13.2 [5.7-24.2],4.5 [2.9-6.6]
Panama,2019,10.7 [7.2-15.0],12.7 [8.6-17.8],8.8 [6.0-12.4],2.9 [1.9-4.1],4.7 [3.2-6.7],1.0 [0.6-1.4]
Panama,2018,10.8 [7.6-14.7],12.8 [9.0-17.2],8.9 [6.3-12.2],2.9 [2.0-4.0],4.8 [3.4-6.6],1.0 [0.7-1.4]
Panama,2017,11.1 [8.3-14.5],12.9 [9.6-16.6],9.4 [7.0-12.4],3.2 [2.3-4.2],5.4 [4.0-7.1],0.9 [0.6-1.3]
Panama,2016,10.7 [8.5-13.3],12.4 [9.9-15.2],9.2 [7.1-11.5],3.3 [2.5-4.1],5.5 [4.3-6.9],1.0 [0.7-1.3]
Panama,2015,11.3 [9.0-13.9],13.2 [10.6-16.0],9.5 [7.5-11.8],2.9 [2.3-3.6],4.7 [3.7-5.9],1.1 [0.8-1.4]
Paraguay,2019,16.0 [10.6-22.9],18.6 [12.4-26.5],13.3 [8.8-19.0],6.0 [3.4-9.1],8.7 [4.7-13.0],3.2 [2.0-4.9]
Paraguay,2018,16.2 [11.0-22.6],18.7 [12.8-26.0],13.5 [9.1-18.9],6.0 [3.4-8.7],8.6 [4.7-12.5],3.2 [2.0-4.8]
Paraguay,2017,16.5 [11.7-22.2],19.0 [13.6-25.5],13.9 [9.8-18.8],6.1 [3.5-8.5],8.6 [4.7-11.9],3.4 [2.3-4.9]
Paraguay,2016,16.3 [12.1-21.3],18.8 [14.1-24.5],13.7 [10.1-17.9],5.3 [3.2-7.2],7.7 [4.3-10.4],2.8 [2.0-3.9]
Paraguay,2015,16.0 [12.2-20.5],18.5 [14.2-23.6],13.4 [10.2-17.2],5.7 [3.4-7.6],8.2 [4.5-10.8],3.2 [2.3-4.3]
Peru,2019,9.7 [6.0-14.7],9.9 [6.0-15.0],9.6 [6.0-14.3],2.8 [1.6-4.4],4.2 [2.4-6.5],1.4 [0.8-2.3]
Peru,2018,9.8 [6.1-14.6],9.9 [6.1-14.9],9.7 [6.1-14.3],2.8 [1.6-4.3],4.1 [2.4-6.3],1.4 [0.8-2.3]
Peru,2017,9.9 [6.3-14.5],10.0 [6.3-14.8],9.8 [6.3-14.3],2.7 [1.6-4.2],4.1 [2.4-6.1],1.4 [0.8-2.2]
Peru,2016,10.0 [6.6-14.3],10.1 [6.6-14.5],9.9 [6.6-14.0],2.6 [1.6-3.9],3.9 [2.3-5.6],1.4 [0.9-2.2]
Peru,2015,10.1 [7.0-14.0],10.2 [7.0-14.2],10.1 [7.0-13.9],2.7 [1.7-3.9],4.0 [2.4-5.6],1.5 [0.9-2.1]
Philippines,2019,24.5 [18.2-31.4],30.4 [22.7-38.4],18.8 [13.9-24.4],2.2 [1.5-10.1],3.1 [2.1-9.2],1.2 [0.9-10.9]
Philippines,2018,24.6 [18.5-31.1],30.5 [23.1-38.0],18.8 [14.2-24.2],2.2 [1.5-10.1],3.2 [2.2-9.2],1.1 [0.9-10.9]
Philippines,2017,24.6 [18.8-30.7],30.6 [23.3-37.7],18.8 [14.5-23.8],2.2 [1.6-10.0],3.3 [2.4-9.2],1.1 [0.9-10.8]
Philippines,2016,24.6 [19.4-29.9],30.6 [24.2-36.8],18.8 [14.9-23.0],2.2 [1.7-10.0],3.4 [2.4-9.2],1.1 [0.9-10.9]
Philippines,2015,24.6 [20.0-28.8],30.6 [24.9-35.6],18.8 [15.4-22.1],2.3 [1.7-10.0],3.5 [2.5-9.2],1.1 [0.9-10.8]
Poland,2019,17.0 [13.0-21.5],22.8 [17.6-28.5],11.5 [8.8-14.7],11.3 [8.9-14.3],20.1 [15.9-25.4],3.1 [2.3-4.0]
Poland,2018,17.4 [13.8-21.2],23.5 [18.8-28.4],11.7 [9.3-14.4],12.7 [10.2-15.4],22.8 [18.5-27.7],3.1 [2.5-3.9]
Poland,2017,18.2 [15.4-21.1],24.6 [21.0-28.4],12.1 [10.2-14.2],13.3 [11.5-15.4],23.8 [20.6-27.4],3.4 [2.9-4.0]
Poland,2016,18.6 [17.0-20.1],25.4 [23.3-27.1],12.2 [11.1-13.4],13.8 [13.0-14.8],25.0 [23.5-26.7],3.4 [3.1-3.7]
Poland,2015,19.4 [17.8-20.9],26.5 [24.4-28.2],12.8 [11.7-13.9],15.9 [15.0-16.9],28.4 [26.9-30.1],4.1 [3.7-4.4]
Portugal,2019,11.0 [8.5-13.9],15.4 [12.1-19.2],7.0 [5.3-9.0],11.5 [9.0-14.4],17.9 [14.2-22.3],5.7 [4.3-7.3]
Portugal,2018,11.4 [9.0-14.2],16.0 [12.8-19.7],7.2 [5.5-9.1],11.7 [9.3-14.6],17.8 [14.4-22.0],6.3 [4.8-8.0]
Portugal,2017,11.3 [9.0-13.9],15.7 [12.7-19.1],7.3 [5.7-9.2],12.0 [9.6-14.7],18.6 [15.2-22.7],6.0 [4.6-7.5]
Portugal,2016,11.5 [9.3-14.0],16.0 [13.2-19.3],7.3 [5.8-9.1],11.4 [9.3-13.6],18.2 [15.2-21.6],5.2 [4.1-6.4]
Portugal,2015,11.5 [9.4-13.9],16.0 [13.3-19.1],7.3 [5.9-9.0],13.2 [11.0-15.6],19.2 [16.2-22.5],7.8 [6.3-9.5]
Qatar,2019,10.7 [6.8-16.0],10.1 [6.3-15.2],13.2 [8.8-18.9],5.8 [3.7-9.2],7.2 [4.5-11.3],1.7 [1.0-2.7]
Qatar,2018,10.8 [6.9-16.0],10.1 [6.4-15.1],13.4 [9.0-19.1],5.8 [3.7-9.0],7.1 [4.5-11.0],1.7 [1.0-2.6]
Qatar,2017,10.8 [6.9-15.9],10.0 [6.3-15.0],13.5 [9.1-19.2],5.8 [3.7-8.9],7.1 [4.6-10.9],1.8 [1.1-2.7]
Qatar,2016,11.2 [7.3-16.3],10.4 [6.7-15.3],13.9 [9.4-19.5],6.1 [4.0-9.2],7.4 [4.9-11.2],1.8 [1.1-2.8]
Qatar,2015,11.7 [7.8-16.7],10.8 [7.1-15.6],14.5 [10.0-20.2],6.1 [4.1-9.1],7.4 [5.0-11.0],1.9 [1.2-2.9]
South Korea,2019,7.3 [5.3-9.9],10.1 [7.4-13.7],4.4 [3.2-6.0],28.6 [15.8-39.5],40.2 [18.0-58.3],16.9 [13.6-20.6]
South Korea,2018,7.5 [5.6-10.0],10.5 [7.8-14.0],4.6 [3.3-6.1],28.6 [15.7-37.9],41.2 [18.4-56.7],15.9 [13.0-19.1]
South Korea,2017,7.8 [5.9-10.2],10.9 [8.3-14.2],4.7 [3.5-6.1],25.8 [14.3-33.7],36.8 [16.3-50.1],14.7 [12.2-17.3]
South Korea,2016,8.2 [6.4-10.6],11.4 [8.9-14.7],5.0 [3.8-6.5],27.2 [15.2-32.9],38.3 [16.7-47.1],16.0 [13.6-18.6]
South Korea,2015,8.4 [6.6-10.7],11.7 [9.4-14.9],5.1 [3.9-6.5],28.0 [15.6-33.4],39.5 [17.0-47.8],16.5 [14.2-18.9]
Moldova,2019,24.1 [19.2-29.2],33.8 [27.5-40.1],15.7 [12.3-19.5],14.7 [11.3-24.2],26.1 [20.3-33.4],4.1 [3.0-15.7]
Moldova,2018,24.5 [20.2-28.8],33.8 [28.4-39.1],16.4 [13.3-19.7],14.4 [11.5-17.9],26.0 [20.9-32.0],3.8 [2.8-4.9]
Moldova,2017,24.4 [20.8-28.1],33.8 [29.2-38.2],16.2 [13.5-19.0],14.9 [12.2-17.9],26.6 [22.1-31.9],4.0 [3.1-5.1]
Moldova,2016,25.9 [22.3-29.4],34.8 [30.5-39.0],18.0 [15.3-20.8],15.9 [13.3-27.0],27.9 [23.6-32.7],4.7 [3.7-21.8]
Moldova,2015,26.6 [23.1-30.0],35.5 [31.3-39.5],18.6 [15.9-21.4],16.2 [13.7-18.9],27.8 [23.8-32.1],5.4 [4.3-6.8]
Macedonia,2019,22.7 [15.9-30.8],27.9 [19.7-37.3],17.5 [12.1-24.0],9.4 [6.1-13.7],13.9 [9.1-20.3],4.8 [3.2-7.1]
Macedonia,2018,23.2 [16.5-30.8],28.4 [20.5-37.2],17.8 [12.6-24.1],9.4 [6.2-13.5],13.9 [9.3-20.1],4.8 [3.2-6.9]
Macedonia,2017,23.6 [17.7-30.3],28.9 [21.9-36.7],18.2 [13.4-23.7],9.3 [6.4-13.0],13.8 [9.5-19.4],4.8 [3.3-6.7]
Macedonia,2016,24.0 [18.8-29.9],29.5 [23.3-36.1],18.5 [14.2-23.5],9.3 [6.5-12.5],13.8 [9.7-18.6],4.7 [3.4-6.4]
Macedonia,2015,24.5 [19.4-30.1],30.0 [24.1-36.4],18.9 [14.7-23.6],9.2 [6.5-12.3],13.7 [9.7-18.3],4.7 [3.4-6.3]
Romania,2019,21.0 [15.7-26.8],28.6 [21.8-36.0],13.6 [10.1-17.8],9.7 [7.3-12.7],16.5 [12.4-21.4],3.3 [2.4-4.5]
Romania,2018,21.7 [17.1-26.5],29.6 [23.7-35.6],14.1 [11.0-17.5],10.2 [8.1-12.6],17.5 [13.9-21.5],3.3 [2.6-4.3]
Romania,2017,21.5 [17.9-25.1],29.3 [24.7-33.7],14.1 [11.5-16.7],10.1 [8.5-11.9],17.1 [14.4-20.0],3.5 [2.8-4.2]
Romania,2016,21.6 [18.2-25.0],29.3 [25.0-33.5],14.2 [11.8-16.7],10.2 [8.7-11.8],17.5 [15.1-20.2],3.2 [2.6-3.9]
Romania,2015,21.7 [18.4-24.9],29.5 [25.4-33.4],14.3 [11.9-16.7],11.5 [9.9-13.2],19.9 [17.4-22.8],3.5 [2.9-4.2]
Russia,2019,24.2 [19.5-29.2],35.0 [28.5-41.4],15.2 [12.2-18.6],25.1 [20.2-31.7],43.6 [35.3-55.3],9.1 [7.3-11.3]
Russia,2018,25.3 [21.5-28.9],36.4 [31.3-41.1],16.0 [13.6-18.6],27.1 [23.5-31.8],47.2 [41.0-55.4],9.7 [8.3-11.3]
Russia,2017,25.4 [23.4-27.3],36.6 [33.9-38.9],16.1 [14.7-17.5],28.2 [26.5-31.0],49.3 [46.4-54.3],10.0 [9.4-10.9]
Russia,2016,27.0 [25.1-28.7],38.7 [36.2-40.8],17.1 [15.8-18.4],31.0 [29.5-33.3],54.4 [51.9-58.6],10.7 [10.1-11.5]
Russia,2015,26.4 [24.6-28.0],37.9 [35.5-39.9],16.7 [15.5-17.9],32.0 [30.8-33.9],56.4 [54.3-59.8],11.0 [10.4-11.6]
Rwanda,2019,20.2 [11.5-31.8],22.0 [12.5-34.5],18.7 [10.6-29.4],5.6 [3.2-9.2],8.2 [4.7-13.5],3.0 [1.7-5.0]
Rwanda,2018,20.3 [11.5-31.8],22.0 [12.5-34.5],18.8 [10.7-29.5],5.6 [3.2-9.2],8.2 [4.7-13.5],3.0 [1.7-5.0]
Rwanda,2017,20.3 [11.5-31.8],22.0 [12.6-34.4],18.8 [10.7-29.6],5.6 [3.2-9.2],8.2 [4.7-13.5],3.1 [1.7-5.1]
Rwanda,2016,20.4 [11.7-32.1],22.1 [12.7-34.6],19.0 [10.8-30.0],5.7 [3.2-9.3],8.2 [4.7-13.6],3.2 [1.8-5.3]
Rwanda,2015,20.6 [11.7-32.2],22.4 [12.9-34.8],19.2 [10.9-30.1],5.7 [3.3-9.4],8.3 [4.8-13.6],3.3 [1.9-5.4]
Saudi Arabia,2019,20.9 [14.5-28.2],22.4 [15.7-29.8],18.4 [12.6-25.6],6.0 [3.6-9.4],8.9 [5.4-14.0],2.0 [1.1-3.2]
Saudi Arabia,2018,21.3 [15.0-28.5],22.9 [16.2-30.2],18.8 [13.0-25.7],6.1 [3.7-9.5],9.1 [5.5-14.1],2.0 [1.2-3.3]
Saudi Arabia,2017,21.8 [15.6-28.9],23.4 [16.9-30.6],19.2 [13.4-26.0],6.2 [3.8-9.6],9.3 [5.7-14.3],2.1 [1.3-3.4]
Saudi Arabia,2016,22.3 [16.2-29.2],24.0 [17.6-31.0],19.6 [13.9-26.2],6.3 [3.9-9.8],9.5 [5.9-14.5],2.2 [1.3-3.5]
Saudi Arabia,2015,22.9 [16.9-29.5],24.6 [18.4-31.4],20.1 [14.6-26.5],6.3 [4.0-9.7],9.4 [5.9-14.3],2.3 [1.4-3.6]
Senegal,2019,19.5 [11.9-28.8],19.1 [11.5-28.4],19.9 [12.2-29.0],6.0 [3.5-9.5],9.2 [5.3-14.4],3.0 [1.7-4.8]
Senegal,2018,19.7 [12.2-28.8],19.3 [11.9-28.5],20.0 [12.4-29.1],6.1 [3.6-9.6],9.2 [5.5-14.4],3.1 [1.8-4.9]
Senegal,2017,19.9 [12.6-28.8],19.5 [12.2-28.5],20.2 [12.8-29.1],6.2 [3.7-9.7],9.3 [5.7-14.5],3.2 [1.9-5.1]
Senegal,2016,20.1 [12.8-29.1],19.7 [12.4-28.7],20.5 [13.1-29.4],6.3 [3.8-9.8],9.5 [5.8-14.6],3.2 [1.9-5.2]
Senegal,2015,20.3 [12.8-29.4],19.9 [12.5-29.2],20.6 [13.1-29.6],6.4 [3.9-9.9],9.6 [5.9-14.7],3.3 [2.0-5.3]
Serbia,2019,22.0 [15.6-29.5],28.3 [20.4-37.4],15.9 [11.1-21.7],11.4 [7.7-15.9],16.6 [11.3-23.3],6.3 [4.3-8.8]
Serbia,2018,22.0 [16.1-28.8],28.3 [21.0-36.5],15.9 [11.4-21.1],11.3 [7.9-15.4],16.6 [11.5-22.6],6.2 [4.4-8.4]
Serbia,2017,22.7 [17.6-28.4],29.2 [23.0-36.0],16.4 [12.5-20.8],0.6 [0.4-0.7],0.4 [0.3-0.5],0.8 [0.6-1.0]
Serbia,2016,21.8 [17.8-26.1],27.9 [23.1-33.0],15.9 [12.7-19.3],15.2 [11.7-19.3],22.2 [16.8-28.6],8.4 [6.7-10.4]
Serbia,2015,22.2 [18.3-26.3],28.5 [23.9-33.4],16.0 [12.9-19.2],16.4 [12.7-20.6],24.6 [18.8-31.2],8.5 [6.8-10.3]
Sierra Leone,2019,23.5 [14.1-35.3],22.1 [13.0-33.6],24.9 [15.0-36.8],6.7 [3.6-11.2],8.3 [4.5-13.9],5.1 [2.8-8.5]
Sierra Leone,2018,23.7 [14.2-35.5],22.3 [13.2-33.8],25.0 [15.1-36.9],6.6 [3.6-11.0],8.2 [4.4-13.8],4.9 [2.7-8.2]
Sierra Leone,2017,23.7 [14.2-35.4],22.2 [13.2-33.7],25.0 [15.1-36.9],6.3 [3.4-10.5],7.9 [4.2-13.2],4.7 [2.6-7.8]
Sierra Leone,2016,23.7 [14.2-35.5],22.2 [13.1-33.8],25.1 [15.2-37.0],6.2 [3.4-10.3],7.8 [4.2-13.1],4.5 [2.5-7.6]
Sierra Leone,2015,23.4 [14.0-35.0],22.1 [13.0-33.5],24.6 [14.9-36.3],5.9 [3.2-9.9],7.6 [4.1-12.7],4.2 [2.4-7.0]
Singapore,2019,9.5 [7.3-11.9],11.7 [9.2-14.5],6.8 [5.2-8.8],11.2 [9.0-13.7],15.0 [12.1-18.2],7.1 [5.6-8.8]
Singapore,2018,9.3 [7.3-11.6],11.6 [9.2-14.2],6.7 [5.2-8.5],9.4 [7.6-11.5],12.6 [10.3-15.2],6.0 [4.8-7.4]
Singapore,2017,9.5 [7.6-11.7],11.7 [9.4-14.2],7.0 [5.5-8.8],9.0 [7.3-10.8],11.5 [9.5-13.8],6.2 [4.9-7.6]
Singapore,2016,9.7 [7.8-11.8],12.2 [10.0-14.7],6.9 [5.5-8.6],9.1 [7.5-10.8],11.5 [9.6-13.6],6.4 [5.2-7.8]
Singapore,2015,9.9 [8.0-11.9],12.4 [10.2-14.8],7.1 [5.7-8.7],9.0 [7.6-10.5],11.9 [10.1-13.8],5.8 [4.8-7.0]
Slovakia,2019,15.5 [10.5-21.6],21.0 [14.4-28.8],10.4 [6.9-14.8],12.1 [7.9-21.4],21.2 [13.8-38.6],3.4 [2.3-5.0]
Slovakia,2018,16.0 [11.2-21.6],21.7 [15.4-28.9],10.7 [7.3-14.7],12.2 [8.2-21.1],21.4 [14.3-38.3],3.4 [2.3-4.9]
Slovakia,2017,16.5 [12.1-21.5],22.5 [16.8-28.8],10.9 [7.9-14.5],12.3 [8.5-20.7],21.6 [14.9-37.6],3.4 [2.4-4.7]
Slovakia,2016,17.0 [13.2-21.2],23.3 [18.4-28.6],11.2 [8.5-14.3],12.3 [8.7-20.1],21.7 [15.2-36.6],3.4 [2.5-4.5]
Slovakia,2015,17.5 [13.9-21.5],24.1 [19.4-29.0],11.5 [8.9-14.5],12.4 [8.7-19.9],21.9 [15.3-36.3],3.4 [2.6-4.5]
Slovenia,2019,11.4 [7.8-16.2],14.8 [10.2-20.6],8.0 [5.3-11.5],19.8 [13.8-27.9],31.4 [22.2-44.0],8.3 [5.6-11.9]
Slovenia,2018,12.1 [8.5-16.4],15.4 [11.1-20.6],8.6 [5.9-12.1],17.8 [12.9-24.1],27.8 [20.4-37.3],7.9 [5.5-11.0]
Slovenia,2017,12.3 [9.2-15.9],15.6 [11.9-19.9],8.8 [6.4-11.8],20.9 [15.9-26.9],33.4 [25.8-42.6],8.6 [6.2-11.4]
Slovenia,2016,12.1 [9.6-15.1],16.0 [12.9-19.5],8.2 [6.3-10.5],19.0 [15.4-23.3],30.6 [25.1-36.9],7.6 [5.8-9.8]
Slovenia,2015,12.8 [10.3-15.6],16.5 [13.5-19.8],9.0 [7.0-11.3],21.0 [17.3-25.3],33.3 [27.9-39.4],8.9 [6.9-11.3]
South Africa,2019,24.1 [19.6-29.3],28.5 [23.6-33.9],20.4 [16.0-25.3],23.5 [16.0-32.2],37.6 [26.8-50.3],9.8 [5.6-14.7]
South Africa,2018,25.5 [20.9-30.6],30.2 [25.4-35.5],21.4 [17.0-26.4],24.1 [16.0-33.6],39.0 [27.3-52.6],9.7 [5.0-15.1]
South Africa,2017,27.8 [23.0-33.2],32.7 [27.7-37.9],23.7 [18.9-29.1],25.2 [15.8-37.0],40.8 [27.3-56.6],10.0 [4.6-17.8]
South Africa,2016,28.5 [23.7-33.8],33.1 [28.3-38.1],24.5 [19.6-30.2],24.4 [15.1-36.3],39.2 [26.1-54.5],10.1 [4.5-18.5]
South Africa,2015,28.8 [24.3-33.8],33.6 [29.1-38.3],24.7 [20.1-30.0],24.5 [15.7-35.2],39.5 [27.1-53.8],9.9 [4.7-17.1]
Spain,2019,9.6 [7.6-12.0],12.8 [10.3-15.8],6.5 [5.0-8.3],7.7 [6.2-9.5],11.4 [9.2-13.9],4.2 [3.2-5.2]
Spain,2018,9.8 [7.8-12.0],13.1 [10.7-15.9],6.5 [5.1-8.2],7.8 [6.3-9.4],11.6 [9.5-13.9],4.1 [3.3-5.1]
Spain,2017,10.0 [8.2-12.1],13.6 [11.2-16.2],6.6 [5.2-8.2],8.2 [6.7-9.7],12.2 [10.2-14.4],4.3 [3.4-5.2]
Spain,2016,10.2 [8.4-12.1],13.9 [11.6-16.3],6.6 [5.3-8.0],7.8 [6.6-9.2],11.8 [10.0-13.6],4.1 [3.3-4.9]
Spain,2015,10.3 [8.6-12.1],14.0 [11.9-16.3],6.6 [5.4-7.9],7.9 [6.8-9.1],11.8 [10.2-13.5],4.1 [3.4-4.8]
Sri Lanka,2019,13.2 [8.1-19.8],17.5 [10.8-26.0],9.4 [5.8-14.1],14.0 [9.0-22.6],22.3 [14.2-37.2],6.2 [4.1-9.1]
Sri Lanka,2018,13.6 [8.3-20.2],17.9 [11.1-26.4],9.6 [5.9-14.4],14.2 [9.1-22.9],22.6 [14.5-37.7],6.3 [4.2-9.2]
Sri Lanka,2017,13.9 [8.8-20.4],18.3 [11.7-26.6],9.9 [6.2-14.6],14.4 [9.5-23.4],23.0 [15.1-38.7],6.4 [4.3-9.2]
Sri Lanka,2016,14.3 [9.3-20.5],18.8 [12.3-26.8],10.2 [6.6-14.7],14.8 [10.0-24.1],23.6 [16.0-40.1],6.6 [4.5-9.2]
Sri Lanka,2015,14.6 [9.9-20.4],19.2 [13.1-26.5],10.4 [7.0-14.6],15.1 [10.7-24.4],24.2 [17.0-40.9],6.7 [4.8-9.1]
Sweden,2019,8.4 [6.9-10.0],9.6 [8.0-11.4],7.1 [5.7-8.6],14.7 [12.4-17.3],19.9 [16.9-23.3],9.5 [7.9-11.3]
Sweden,2018,8.5 [7.1-10.1],9.8 [8.2-11.5],7.2 [5.9-8.6],14.9 [12.7-17.3],20.2 [17.3-23.3],9.6 [8.1-11.3]
Sweden,2017,9.0 [7.5-10.5],10.3 [8.7-12.0],7.6 [6.3-9.0],15.0 [12.9-17.3],20.5 [17.8-23.4],9.6 [8.1-11.2]
Sweden,2016,9.1 [7.7-10.6],10.7 [9.1-12.3],7.6 [6.3-8.9],14.6 [12.7-16.7],19.6 [17.2-22.2],9.6 [8.2-11.1]
Sweden,2015,9.2 [7.9-10.6],10.6 [9.1-12.2],7.8 [6.6-9.0],15.7 [13.8-17.8],21.8 [19.3-24.5],9.7 [8.2-11.1]
Switzerland,2019,7.9 [6.1-10.0],9.6 [7.5-12.2],6.1 [4.7-7.8],14.5 [11.6-18.0],20.2 [16.2-24.8],9.0 [7.0-11.4]
Switzerland,2018,8.1 [6.3-10.1],9.9 [7.9-12.3],6.3 [4.8-7.8],14.5 [11.7-17.6],20.1 [16.5-24.1],9.0 [7.0-11.2]
Switzerland,2017,8.2 [6.6-10.2],10.3 [8.3-12.6],6.2 [4.9-7.7],14.6 [12.1-17.5],20.5 [17.1-24.2],8.9 [7.1-11.0]
Switzerland,2016,8.5 [6.9-10.3],10.3 [8.4-12.5],6.6 [5.3-8.1],14.1 [11.8-16.6],19.8 [16.8-23.1],8.4 [6.8-10.2]
Switzerland,2015,8.8 [7.2-10.5],10.8 [9.0-12.9],6.7 [5.4-8.1],15.0 [12.6-17.5],20.5 [17.7-23.6],9.5 [7.7-11.5]
Syria,2019,22.1 [15.3-30.6],26.1 [18.3-35.5],18.3 [12.5-25.7],2.0 [1.2-3.0],3.2 [1.9-4.9],0.7 [0.4-1.1]
Syria,2018,22.2 [15.4-30.6],26.1 [18.2-35.5],18.4 [12.6-25.8],1.9 [1.2-3.0],3.2 [1.9-4.8],0.7 [0.4-1.1]
Syria,2017,22.1 [15.4-30.3],25.9 [18.2-34.9],18.4 [12.6-25.7],1.8 [1.1-2.7],2.9 [1.7-4.3],0.7 [0.4-1.1]
Syria,2016,21.6 [15.0-29.3],25.0 [17.6-33.5],18.2 [12.6-25.1],1.6 [1.0-2.4],2.6 [1.6-3.8],0.7 [0.4-1.0]
Syria,2015,21.8 [15.4-29.5],25.4 [18.0-33.8],18.3 [12.8-25.0],1.7 [1.1-2.6],2.8 [1.7-4.1],0.7 [0.4-1.1]
Tajikistan,2019,28.3 [20.6-37.3],31.8 [23.1-41.6],25.1 [18.3-33.1],4.3 [2.6-6.4],5.7 [3.5-8.4],2.8 [1.7-4.4]
Tajikistan,2018,28.8 [21.4-37.1],32.3 [24.1-41.4],25.5 [18.9-33.0],4.2 [2.7-6.2],5.6 [3.5-8.1],2.9 [1.8-4.3]
Tajikistan,2017,29.7 [22.6-37.6],33.4 [25.5-42.0],26.1 [19.8-33.3],4.2 [2.7-6.1],5.4 [3.4-7.8],3.0 [1.9-4.4]
Tajikistan,2016,29.9 [23.1-37.4],33.7 [26.1-41.7],26.3 [20.1-33.1],4.3 [2.7-6.1],5.5 [3.4-7.8],3.1 [2.0-4.5]
Tajikistan,2015,29.5 [22.9-36.8],33.2 [25.8-41.0],26.0 [20.0-32.5],4.1 [2.6-5.9],5.4 [3.4-7.5],2.9 [1.9-4.2]
Thailand,2019,13.7 [8.5-20.5],17.2 [10.5-25.5],10.5 [6.6-15.6],8.8 [5.4-13.2],15.0 [9.3-22.5],2.9 [1.8-4.5]
Thailand,2018,13.8 [8.8-19.9],17.2 [11.0-24.9],10.6 [6.9-15.3],8.8 [5.6-12.7],14.8 [9.5-21.5],3.0 [1.9-4.4]
Thailand,2017,13.8 [9.2-19.3],17.3 [11.5-24.0],10.6 [7.2-14.8],8.4 [5.6-11.8],14.1 [9.3-19.7],3.0 [2.0-4.2]
Thailand,2016,14.0 [9.9-18.7],17.4 [12.3-23.4],10.8 [7.7-14.4],8.5 [5.9-11.4],14.2 [9.7-19.1],3.0 [2.1-4.1]
Thailand,2015,13.8 [10.0-18.3],17.2 [12.4-22.6],10.8 [7.9-14.2],8.0 [5.7-10.6],13.3 [9.4-17.6],3.0 [2.2-4.0]
Togo,2019,23.9 [14.7-35.1],26.8 [16.7-39.0],21.2 [13.0-31.4],8.8 [5.1-14.0],13.8 [8.1-21.5],3.9 [2.1-6.5]
Togo,2018,24.1 [14.9-35.3],27.0 [16.9-39.3],21.3 [13.1-31.4],8.7 [5.1-13.8],13.7 [8.1-21.3],3.9 [2.2-6.5]
Togo,2017,24.5 [15.3-35.8],27.6 [17.4-39.9],21.6 [13.3-31.9],9.0 [5.3-14.2],14.1 [8.3-21.8],4.0 [2.2-6.6]
Togo,2016,25.0 [15.6-36.5],28.1 [17.7-40.5],22.2 [13.7-32.8],9.3 [5.5-14.7],14.3 [8.5-22.2],4.3 [2.4-7.2]
Togo,2015,25.6 [15.9-37.3],28.8 [18.1-41.5],22.6 [13.9-33.4],9.7 [5.7-15.3],14.9 [8.9-22.9],4.6 [2.6-7.8]
Trinidad and Tobago,2019,17.1 [11.6-24.0],20.3 [13.8-28.2],14.0 [9.5-19.8],8.7 [5.7-12.6],13.9 [9.2-20.0],3.6 [2.2-5.4]
Trinidad and Tobago,2018,17.6 [11.9-24.5],20.8 [14.2-28.6],14.5 [9.8-20.4],9.0 [5.9-12.9],14.3 [9.5-20.4],3.7 [2.3-5.6]
Trinidad and Tobago,2017,18.2 [12.4-25.2],21.5 [14.8-29.4],15.1 [10.2-21.1],9.5 [6.3-13.7],15.1 [10.1-21.5],4.1 [2.5-6.1]
Trinidad and Tobago,2016,18.8 [13.0-25.9],22.2 [15.5-30.2],15.6 [10.7-21.7],9.8 [6.6-14.1],15.6 [10.7-22.0],4.2 [2.6-6.4]
Trinidad and Tobago,2015,19.3 [13.7-26.3],22.7 [16.2-30.6],16.0 [11.3-22.0],10.2 [7.0-14.5],16.2 [11.3-22.7],4.3 [2.8-6.4]
Tunisia,2019,15.7 [9.9-23.2],19.2 [12.1-28.0],12.4 [7.8-18.4],3.3 [1.8-5.6],4.7 [2.6-7.9],1.9 [0.9-3.3]
Tunisia,2018,15.8 [9.9-23.3],19.2 [12.1-28.1],12.5 [7.9-18.5],3.2 [1.7-5.5],4.5 [2.5-7.7],1.9 [0.9-3.3]
Tunisia,2017,15.8 [9.9-23.2],19.2 [12.1-27.9],12.6 [7.9-18.5],3.1 [1.7-5.4],4.3 [2.4-7.5],1.9 [0.9-3.3]
Tunisia,2016,15.9 [10.0-23.3],19.2 [12.1-28.0],12.7 [8.0-18.6],3.1 [1.6-5.3],4.3 [2.4-7.3],1.9 [0.9-3.3]
Tunisia,2015,16.0 [10.1-23.4],19.3 [12.3-28.1],12.8 [8.1-18.8],3.1 [1.7-5.4],4.3 [2.4-7.4],2.0 [1.0-3.4]
Turkey,2019,15.6 [11.0-21.2],21.0 [15.0-28.0],10.8 [7.4-14.9],2.4 [1.6-3.6],3.6 [2.4-5.4],1.2 [0.8-1.8]
Turkey,2018,15.8 [11.4-20.8],21.2 [15.6-27.6],10.9 [7.7-14.7],2.3 [1.6-3.4],3.4 [2.4-5.0],1.2 [0.8-1.7]
Turkey,2017,15.9 [11.9-20.5],21.4 [16.3-27.1],11.0 [8.0-14.4],2.3 [1.6-3.3],3.4 [2.4-4.8],1.3 [0.9-1.7]
Turkey,2016,16.1 [12.4-20.2],21.6 [17.0-26.8],11.1 [8.4-14.1],2.3 [1.7-3.2],3.3 [2.4-4.8],1.3 [0.9-1.7]
Turkey,2015,16.4 [12.9-20.1],22.0 [17.7-26.7],11.3 [8.7-14.0],2.3 [1.7-3.1],3.3 [2.5-4.6],1.3 [1.0-1.7]
Turkmenistan,2019,27.7 [20.8-35.9],34.0 [25.9-43.1],22.3 [16.6-29.5],5.7 [4.0-7.9],8.8 [6.2-12.1],2.7 [1.8-3.7]
Turkmenistan,2018,27.4 [20.9-35.0],33.6 [26.1-42.1],22.0 [16.6-28.7],5.7 [4.1-7.8],8.8 [6.3-11.9],2.7 [1.9-3.7]
Turkmenistan,2017,27.4 [21.5-34.3],33.6 [26.7-41.4],22.0 [17.0-28.0],5.8 [4.3-7.8],9.0 [6.7-11.9],2.8 [2.0-3.8]
Turkmenistan,2016,28.3 [22.9-34.6],34.7 [28.5-41.8],22.7 [18.1-28.2],6.2 [4.7-8.0],9.5 [7.3-12.2],3.0 [2.2-4.0]
Turkmenistan,2015,28.5 [23.8-34.0],34.5 [29.2-40.5],23.3 [19.0-28.2],6.3 [4.9-7.9],9.5 [7.5-11.8],3.2 [2.5-4.1]
Uganda,2019,21.2 [12.6-31.8],24.7 [14.9-36.6],18.3 [10.8-27.7],4.6 [2.7-7.3],7.6 [4.5-12.0],1.7 [1.0-2.8]
Uganda,2018,21.1 [12.7-31.6],24.7 [15.0-36.5],18.2 [10.9-27.4],4.4 [2.6-7.0],7.4 [4.4-11.6],1.6 [0.9-2.6]
Uganda,2017,21.3 [12.8-31.7],24.9 [15.1-36.7],18.3 [10.9-27.5],4.4 [2.7-7.0],7.4 [4.5-11.5],1.6 [0.9-2.6]
Uganda,2016,22.0 [13.3-32.7],25.9 [15.9-38.0],18.8 [11.2-28.2],4.7 [2.9-7.5],7.8 [4.8-12.2],1.8 [1.0-2.9]
Uganda,2015,21.9 [13.4-32.5],26.1 [16.1-38.0],18.5 [11.2-27.7],4.7 [2.8-7.4],7.8 [4.8-12.2],1.7 [1.0-2.7]
Ukraine,2019,25.5 [19.6-32.6],36.9 [29.0-45.8],16.0 [12.0-21.2],21.6 [15.8-28.7],39.2 [28.8-51.7],6.5 [4.6-8.9]
Ukraine,2018,26.1 [20.6-32.4],37.6 [30.4-45.5],16.4 [12.7-21.0],21.9 [16.7-28.1],39.8 [30.5-50.7],6.5 [4.8-8.6]
Ukraine,2017,25.1 [21.0-29.9],36.2 [30.7-42.2],16.0 [13.2-19.5],20.6 [16.6-25.3],37.2 [30.0-45.5],6.3 [5.0-7.9]
Ukraine,2016,26.0 [23.1-29.5],37.4 [33.6-41.7],16.6 [14.5-19.2],21.4 [18.1-25.0],38.5 [32.6-44.9],6.6 [5.5-7.8]
Ukraine,2015,26.2 [23.3-29.5],37.5 [33.8-41.6],16.8 [14.8-19.3],21.6 [18.5-25.0],38.9 [33.3-44.9],6.7 [5.7-7.9]
United Arab Emirates,2019,18.5 [10.5-28.9],19.8 [11.3-30.9],15.5 [8.9-24.3],6.4 [3.6-10.3],8.0 [4.5-12.7],3.0 [1.7-4.9]
United Arab Emirates,2018,18.8 [10.8-29.2],20.1 [11.5-31.2],15.7 [9.1-24.5],6.0 [3.4-9.8],7.4 [4.2-11.9],2.9 [1.6-4.8]
United Arab Emirates,2017,19.3 [11.1-29.9],20.7 [11.9-32.0],16.0 [9.2-24.8],5.6 [3.2-9.0],6.8 [3.9-10.9],2.8 [1.6-4.6]
United Arab Emirates,2016,19.6 [11.3-30.3],21.0 [12.1-32.5],16.2 [9.4-25.1],6.0 [3.4-9.5],7.3 [4.2-11.6],2.9 [1.6-4.7]
United Arab Emirates,2015,19.9 [11.6-30.7],21.3 [12.4-32.8],16.5 [9.6-25.4],6.5 [3.8-10.2],7.9 [4.7-12.4],3.0 [1.7-4.9]
United Kingdom,2019,10.3 [9.3-11.2],12.1 [11.1-13.1],8.5 [7.6-9.3],7.9 [7.4-8.4],11.8 [11.2-12.6],4.0 [3.8-4.3]
United Kingdom,2018,10.5 [9.5-11.4],12.4 [11.4-13.4],8.7 [7.7-9.5],8.1 [7.6-8.6],12.2 [11.6-12.9],4.1 [3.8-4.3]
United Kingdom,2017,10.8 [9.8-11.7],12.7 [11.6-13.7],8.9 [7.9-9.7],8.2 [7.8-8.7],12.5 [11.9-13.1],4.1 [3.8-4.3]
United Kingdom,2016,11.3 [10.3-12.2],13.4 [12.3-14.4],9.3 [8.3-10.1],8.5 [8.1-8.9],13.0 [12.4-13.6],4.1 [3.8-4.3]
United Kingdom,2015,11.3 [10.3-12.2],13.4 [12.4-14.4],9.3 [8.3-10.0],8.8 [8.4-9.3],13.4 [12.8-14.1],4.4 [4.1-4.6]
Tanzania,2019,17.4 [10.3-26.7],18.1 [10.4-28.5],16.8 [10.3-25.1],4.3 [2.6-6.6],6.6 [4.0-10.1],2.0 [1.1-3.1]
Tanzania,2018,17.4 [10.4-26.7],18.1 [10.4-28.5],16.9 [10.4-25.1],4.2 [2.5-6.5],6.4 [3.9-9.8],1.9 [1.1-3.1]
Tanzania,2017,17.7 [10.5-27.0],18.2 [10.5-28.7],17.2 [10.6-25.6],4.2 [2.5-6.4],6.4 [3.9-9.7],2.0 [1.2-3.2]
Tanzania,2016,17.9 [10.7-27.3],18.4 [10.6-28.9],17.5 [10.8-26.0],4.2 [2.6-6.5],6.4 [4.0-9.8],2.1 [1.2-3.3]
Tanzania,2015,17.7 [10.7-26.9],18.2 [10.7-28.5],17.3 [10.7-25.6],4.2 [2.6-6.4],6.4 [4.0-9.7],2.0 [1.2-3.2]
United States,2019,13.6 [12.1-14.9],16.1 [14.6-17.7],11.1 [9.8-12.2],16.1 [15.1-19.9],25.0 [23.4-31.1],7.5 [7.0-9.0]
United States,2018,13.6 [12.3-15.0],16.3 [14.8-17.8],11.1 [9.8-12.2],15.7 [14.7-19.5],24.3 [22.8-30.3],7.2 [6.8-8.8]
United States,2017,13.8 [12.4-15.1],16.5 [15.1-18.1],11.1 [9.9-12.2],15.9 [15.0-19.7],24.9 [23.5-30.2],7.1 [6.6-9.4]
United States,2016,14.0 [12.7-15.2],16.8 [15.4-18.3],11.3 [10.1-12.3],15.1 [14.4-18.5],23.5 [22.5-29.9],7.0 [6.6-7.3]
United States,2015,13.9 [12.6-15.1],16.7 [15.3-18.1],11.2 [10.1-12.2],14.4 [13.8-17.0],22.2 [21.3-27.1],6.8 [6.4-7.1]
Uruguay,2019,16.5 [13.0-20.4],20.6 [16.6-25.2],12.7 [9.7-15.9],21.2 [16.9-26.2],34.5 [27.8-42.2],8.9 [6.8-11.3]
Uruguay,2018,16.9 [13.5-20.7],21.4 [17.4-25.8],12.8 [10.0-16.0],21.2 [17.1-25.8],34.7 [28.3-41.8],8.6 [6.6-10.8]
Uruguay,2017,16.1 [13.0-19.6],20.5 [16.9-24.6],12.2 [9.6-15.1],20.8 [17.0-24.9],33.8 [28.0-40.2],8.6 [6.7-10.7]
Uruguay,2016,17.5 [14.3-20.9],22.8 [19.0-27.0],12.6 [10.0-15.4],21.1 [17.5-25.0],33.5 [28.2-39.2],9.6 [7.5-11.8]
Uruguay,2015,17.1 [14.1-20.3],21.8 [18.4-25.6],12.9 [10.3-15.5],18.6 [15.6-21.9],30.4 [25.8-35.3],7.7 [6.1-9.5]
Uzbekistan,2019,25.3 [20.2-31.0],29.8 [24.0-36.0],21.2 [16.8-26.3],8.0 [6.0-10.5],11.3 [8.5-14.7],4.8 [3.5-6.3]
Uzbekistan,2018,25.9 [21.4-31.0],30.6 [25.4-36.2],21.6 [17.6-26.1],8.6 [6.6-10.8],12.0 [9.3-15.1],5.1 [3.9-6.5]
Uzbekistan,2017,26.4 [22.5-30.8],31.4 [27.0-36.1],21.9 [18.4-25.8],8.8 [7.0-10.8],12.3 [9.9-14.9],5.3 [4.2-6.6]
Uzbekistan,2016,26.8 [23.6-30.4],31.9 [28.3-35.8],22.1 [19.2-25.4],9.1 [7.6-10.8],12.6 [10.5-14.9],5.7 [4.7-6.7]
Uzbekistan,2015,27.0 [23.9-30.3],32.1 [28.8-35.7],22.2 [19.5-25.4],9.2 [7.7-10.7],12.7 [10.7-14.8],5.7 [4.7-6.7]
Venezuela,2019,14.8 [10.2-20.5],16.9 [11.6-23.3],12.9 [8.8-18.0],2.1 [1.4-3.0],3.5 [2.3-5.0],0.7 [0.4-1.0]
Venezuela,2018,15.3 [10.6-20.8],17.8 [12.4-24.1],12.9 [9.0-17.7],2.2 [1.4-3.1],3.6 [2.4-5.2],0.7 [0.5-1.0]
Venezuela,2017,15.9 [11.3-21.3],18.7 [13.3-24.9],13.3 [9.4-18.0],2.2 [1.5-3.1],3.6 [2.5-5.1],0.7 [0.5-1.1]
Venezuela,2016,16.2 [12.0-21.2],19.1 [14.2-24.8],13.4 [9.9-17.8],2.2 [1.5-3.0],3.6 [2.6-5.0],0.8 [0.5-1.1]
Venezuela,2015,16.1 [12.6-20.1],19.2 [15.1-23.6],13.2 [10.3-16.7],2.3 [1.7-3.0],3.8 [2.8-5.0],0.8 [0.5-1.1]
Vietnam,2019,21.2 [13.4-30.6],29.1 [18.7-40.7],13.7 [8.4-20.4],7.5 [4.1-11.7],10.4 [5.4-16.2],4.7 [2.8-7.3]
Vietnam,2018,21.4 [13.6-30.7],29.4 [19.1-40.9],13.9 [8.6-20.5],7.6 [4.1-11.9],10.6 [5.5-16.6],4.6 [2.8-7.2]
Vietnam,2017,21.6 [13.9-30.7],29.7 [19.5-41.0],14.0 [8.8-20.5],7.7 [4.2-12.0],10.8 [5.7-16.8],4.6 [2.8-7.1]
Vietnam,2016,21.8 [14.2-30.6],30.0 [20.0-41.0],14.1 [9.0-20.4],7.7 [4.2-11.9],10.8 [5.7-16.9],4.6 [2.8-7.0]
Vietnam,2015,21.9 [14.5-30.6],30.3 [20.5-41.0],14.2 [9.2-20.4],7.7 [4.3-11.7],10.8 [5.8-16.6],4.5 [2.8-6.9]
Yemen,2019,27.6 [17.9-39.9],30.6 [20.1-44.0],24.8 [15.8-35.9],5.8 [2.8-10.1],7.0 [3.4-11.9],4.6 [2.2-8.3]
Yemen,2018,27.4 [17.8-39.5],30.4 [20.1-43.5],24.6 [15.8-35.6],5.9 [2.9-10.2],7.0 [3.5-12.0],4.7 [2.3-8.4]
Yemen,2017,27.1 [17.6-39.0],30.0 [19.7-43.0],24.3 [15.6-35.1],5.6 [2.7-9.7],6.8 [3.4-11.5],4.4 [2.1-7.8]
Yemen,2016,26.8 [17.4-38.7],29.7 [19.5-42.7],24.0 [15.4-34.7],5.7 [2.8-10.0],7.0 [3.5-12.1],4.4 [2.1-7.8]
Yemen,2015,26.6 [17.3-38.4],29.5 [19.4-42.4],23.8 [15.4-34.5],5.5 [2.7-9.6],6.7 [3.3-11.6],4.3 [2.1-7.7]
Zambia,2019,24.6 [15.2-36.0],29.2 [18.4-41.9],20.6 [12.6-30.7],7.3 [4.4-11.3],12.0 [7.3-18.5],2.7 [1.5-4.3]
Zambia,2018,25.6 [16.0-37.3],30.2 [19.2-43.2],21.6 [13.2-32.1],8.1 [4.9-12.5],13.2 [8.2-20.2],3.1 [1.8-5.0]
Zambia,2017,26.2 [16.4-38.0],30.7 [19.7-43.7],22.3 [13.7-33.0],8.5 [5.2-13.1],13.6 [8.4-20.7],3.5 [2.0-5.7]
Zambia,2016,26.4 [16.6-38.2],30.9 [20.0-43.9],22.5 [13.9-33.2],8.5 [5.2-12.9],13.5 [8.4-20.2],3.6 [2.1-5.7]
Zambia,2015,26.6 [16.8-38.4],31.0 [20.2-43.8],22.8 [14.0-33.6],8.7 [5.4-13.2],13.7 [8.7-20.6],3.8 [2.2-6.1]
Zimbabwe,2019,28.4 [17.8-41.1],30.3 [19.7-43.0],27.1 [16.5-39.8],14.1 [7.5-22.8],20.0 [10.4-31.9],8.8 [4.9-14.5]
Zimbabwe,2018,28.5 [18.0-41.2],30.3 [19.8-43.0],27.4 [16.8-40.1],14.0 [7.5-22.5],19.9 [10.3-31.7],8.7 [4.8-14.2]
Zimbabwe,2017,29.3 [18.5-42.3],30.9 [20.2-43.9],28.3 [17.3-41.2],15.0 [8.0-24.1],21.0 [11.0-33.4],9.6 [5.4-15.7]
Zimbabwe,2016,30.4 [19.3-43.6],31.8 [20.9-45.0],29.5 [18.2-42.7],16.8 [9.0-26.8],22.5 [11.7-35.6],11.6 [6.5-18.8]
Zimbabwe,2015,31.1 [19.8-44.4],32.5 [21.6-45.9],30.2 [18.7-43.4],18.0 [9.7-28.6],23.8 [12.5-37.5],12.6 [7.2-20.5]
